1,9,19,20,21,23,24,26,29,30,31
3317,1.86,24.6,16.9,26.1,13.7,29.7,63.6,96439700,861,191600
3065,2.91,35,21.4,18,9.5,32.8,58.2,153905800,1001,169300
3577,2.08,27.4,19.9,12,2.1,30.6,54.4,46017200,963,165700
2801,1.96,29.8,38.3,4.6,47.5,26.8,56.7,165732600,884,195000
3796,1.81,23.9,0,36,15.5,17.2,56.5,108550400,926,221700
2381,1.55,22.2,0,20.4,41.7,21.3,64.2,91350100,801,144300
2809,2.32,23.9,17.1,6,11.3,42.7,58.5,74975300,851,209200
3538,1.77,25.7,0,4.4,11.4,39.4,52.5,47722400,656,439400
2620,1.91,32.3,21.5,8,28.7,15.6,70.9,181737300,891,230500
3124,2.88,41.8,60.3,5.7,18.2,14.4,68.2,101598400,1022,209500
2715,2.68,35.5,27.7,34,9.3,38.1,69.5,96403200,912,167700
2474,2.75,45.8,10.5,24.8,5.7,18.4,55.8,95495000,991,139300
4500,3.37,59.1,5.6,27.4,13.8,15.6,59.4,167929700,1089,325700
2216,1.82,50.7,9.2,0,15.6,7.3,45.1,151165000,823,169500
4024,2.79,46.7,35.7,22,9.6,10.7,53.4,213896700,955,328200
3661,2.55,47.1,21.1,26.5,7.4,12.4,67.1,125129400,1046,210200
2127,2.74,44.7,21.7,24.5,4.9,24,53.1,87404100,874,126700
4570,3.41,55.8,14.1,38.5,4.3,20.7,57.8,123388700,1050,275900
4991,2.91,52,9.4,40,12.1,26.3,55.9,74930900,965,317900
5783,3.01,73.2,0,30,30,20.8,60.4,62047200,1147,398600
5139,3.25,53.5,10.6,20.5,14.3,18.3,61,125562100,929,277300
4456,2.1,49.7,23.8,18.9,0,17.5,62.4,120182200,949,280400
3631,4.09,47.5,20.3,10.2,34.8,26.1,59.8,131554300,1027,210100
3530,3,38.1,0.9,36.9,24.5,27.6,61,79508600,1065,136200
1542,2.1,42.8,5.2,34.6,3.5,18.2,52.9,70422600,875,101700
2566,1.65,38.3,9.4,65.1,11.4,24.1,57.2,117153700,817,197200
2754,1.56,29.4,3.9,0,31.8,17.5,62.2,99654400,780,188700
1804,1.5,33.7,0,14.1,9.3,21.6,59,51856700,814,125800
1231,1.81,12.6,0,37.4,6.7,33.8,43.7,51060800,912,116100
5653,2.15,35.1,8.7,22.6,21.7,10.3,69.9,215340900,1048,367500
3388,2.02,35.6,22,25.4,0,23.6,65.7,70397900,863,221200
5132,2.02,32.8,11.3,23.8,19.9,25.8,62.6,80394400,818,341400
5576,2.11,37.3,11.7,0,55,14.9,76.4,247254400,1183,306500
2908,1.9,23.9,3.5,26.2,46,31.2,58.7,95533900,851,201300
2180,1.46,30.1,3.6,3.2,45.9,17.4,66.5,114516800,930,167000
2500,1.67,21.3,15,45,28.8,23.7,63.4,44208200,743,180200
2106,1.58,39.2,0,0,32.1,8.5,50,67260000,963,186000
3406,1.59,32.5,11.2,0,81.1,17.7,56.8,97477400,762,261100
1986,1.36,26.7,27,0,58,12,64.1,135836600,950,171700
7415,1.87,39.2,12.4,21.4,21.1,12.8,65.1,216994300,1225,504500
6097,2.15,34.8,19.2,27.3,29.3,4,76.3,128445800,1270,298500
4563,1.7,36.3,14.2,6.6,51.8,8,80.1,153685500,1018,313600
5664,1.76,37,20,5.5,40.4,10,76.3,193307600,984,330500
4144,1.68,23.1,6.4,6.5,25,43.6,47.7,115005000,484,254200
2473,1.76,29.8,5.4,14.3,25.3,22,56.7,223722400,817,165000
2902,1.55,25.6,0,7.8,45.5,8.6,72.7,271676400,1175,236900
3570,1.75,40.9,5.4,8.4,35.5,45,54.7,74912900,754,241900
3064,1.89,20.6,0,20,38,32.5,59.4,92662000,611,184100
4578,1.86,29.4,6.3,24,17.9,29.1,65.1,236943200,791,292000
4486,1.83,38.2,20.3,15.4,32.5,21.5,75.5,68861400,867,289700
4765,1.69,38.2,17.3,17.3,52.8,13.7,72.3,120179400,1056,296100
4430,1.44,24.2,1.9,11,41.6,19.3,69.6,278632600,952,320700
5877,2.17,44,6.3,28.8,6.6,13.4,63.4,128248300,964,361800
4615,1.97,49.8,26,18,27.4,17.8,67.9,222134300,1075,325100
4333,2.16,47.1,17,11.3,20.7,25.3,60.8,150606800,932,206400
5637,2.64,50.6,0,25.9,19.4,8.1,64.8,105914700,1103,404600
5795,2.11,41.8,24,45.7,11.6,12,71.9,104459900,1074,432100
4825,1.67,37.8,0,13.6,38.8,8.7,81.3,215312700,1088,407700
7281,1.83,49.4,5.1,13,28.8,8,79.7,128598500,1104,510200
6026,1.99,47.7,0,27.2,23.6,9.2,75.2,156847400,1206,335300
5985,1.95,42.6,15.2,7.6,36.4,5.3,69,71852900,1256,412000
6656,1.65,38.2,0,71.8,28.2,6,76.8,117622600,994,388900
6892,1.8,44.8,0,29.4,70.6,2.9,77.2,116888200,1309,442200
7333,1.62,54.9,0,13.7,36.8,3.3,68.3,262976600,1127,532800
6073,2.14,44.8,0,5.4,20.9,9.1,72.3,111926900,1144,428400
8166,2.35,46.2,17.2,12.6,59.2,1.7,77.8,315457300,1450,600700
7273,2.01,36.2,0,10.2,43.9,11,71.7,106636600,1325,461200
5837,1.84,40.5,20.7,9,6.9,0.7,85,114226300,1486,409300
8551,2.08,58.4,0,16.1,35.5,4.3,81.6,86458500,1484,652400
8794,2.14,56.4,0,23.2,53.6,8.3,77.1,80292000,1335,607900
7024,2,51.6,11.8,0,73.5,9.3,79.8,88636700,1343,496200
7869,1.95,51.5,0,0,45.6,5.6,86.5,82744200,1200,534900
7433,2.2,39.8,0,0,48.4,9.1,81.9,85554600,1356,419000
7267,2.21,54.2,0,8.3,49,4.8,82.1,229381500,1600,470700
6092,2.41,43.4,12.6,34.7,38.3,8.7,77.3,119294500,1226,392700
7757,2.25,40,5.5,3,83.1,11.4,84.8,176537400,1223,475800
5234,1.98,31.2,17.3,3.6,64,18.7,75.7,111261000,1124,373700
8326,2,55.9,0,7.7,73.7,3.4,86.4,227540400,1404,606000
7926,2.53,43.8,0,2.2,76.4,10.3,86.4,248453100,1360,491100
2870,1.56,26.7,0,6.1,75,6.7,84,340832800,1335,195500
2892,1.47,32.6,0,13.5,64.9,7.4,76.5,348482300,1110,218300
6241,2.2,26.9,0,1.3,60.6,14.8,83.6,90934700,1487,376000
6026,2.13,19.3,2.3,2.8,53.3,13.9,83.3,66014800,1575,487500
7634,2.63,22.4,4.2,3.9,67.7,13.4,80.9,112304400,1649,471100
7349,2.24,34.5,3.5,10.3,50.6,5.8,83,91659700,1570,450000
3883,1.5,16.5,0,17.3,52.3,20.7,75.6,40668900,1100,288800
4527,1.59,20.5,12.2,3.4,61.4,11.3,79.6,192317000,1053,293300
4364,1.36,27.1,0,10.8,79.4,12.4,68.2,245132700,1062,320100
4697,1.82,22.8,0,0,69.1,9.1,87.2,163508500,1182,340400
6260,2.26,20.3,1.6,14.2,48.8,13.5,85.4,209097000,1561,392600
6496,2.12,30.3,0,5.4,60.5,11,85.9,192703300,1665,449000
9912,2.24,35.5,0,0,82.8,11.7,81.7,133420600,1685,696400
8661,2.04,44.5,0.8,19.7,72.7,1.7,84.3,104207400,1799,549300
7011,2.05,39.9,0,0,70.2,10.4,87.1,92502400,1496,398700
8546,1.93,52.9,0,0,50.4,3.5,75.4,151844500,1306,598200
8063,2.15,29.4,5,3.5,43.3,15.9,79.1,162052400,1219,533200
7909,2.33,41.1,0.4,1.3,85.6,7.8,84.5,243191600,1740,498000
7792,2.25,27.3,3.7,1.3,52.7,12.9,83.9,299190800,1699,485900
6550,1.77,21.7,0,6.2,47.4,15.8,85.9,176573500,1183,372400
4974,1.68,31.1,0,0,73.9,12.3,86.9,153157500,1175,354400
4911,1.29,30.7,0,11.3,72.1,13.1,71,415356000,1085,354500
3237,1.44,16.3,0,11.9,59.8,22.8,74.1,103182000,1020,241000
3978,1.37,28,4.8,3.3,72.8,7.7,79.8,247282200,1207,321300
4696,1.2,27.5,0,0,70.6,4.7,55.5,86378600,2000,344100
5365,1.74,21.8,0,0,75.2,19.6,81.1,122488700,1379,351100
4394,1.27,31.8,0,22.6,70.1,16.4,67.8,292482600,1075,312700
4405,1.5,22.9,0,0,84.5,10.3,85.5,147617100,1035,240300
7352,1.81,34.2,0,0,65.6,10.9,80.1,288909900,1225,480800
6591,2.06,24.3,0,2.6,43.4,19.2,79.5,199550100,1573,435300
9827,1.83,35.4,0,13.2,64.9,13.2,67.5,227310000,975,588800
8829,1.73,37.9,3.1,9.7,66.1,6.6,67,250414400,1500,596100
8802,2.33,49.5,11,3.8,77.4,3.8,82.2,240900800,1863,624700
6458,2.36,47,5,2.8,77.2,12.5,82.5,255723900,1341,431100
7301,2.28,15.9,0.2,25.5,12.2,22.5,57.6,158801100,1567,525400
10000,2.3,28.8,0,15.5,24.9,14.1,74,159590500,1703,814300
5389,2.11,31.4,3.2,3.6,37.5,17.4,70.1,122032100,1641,377400
9947,1.48,42.4,0,15.5,69,6.9,75.8,269251300,1164,617000
4781,1.39,28.7,0,0,67.2,15.6,70.5,264789200,1289,364100
3813,1.53,26,3.9,9.8,76.9,8.1,80.3,427541000,1459,290500
9819,2.06,51.9,0,5.8,94.2,10.1,69.1,134259900,1688,732700
8151,2.4,41.7,6.1,5.1,75.5,8.4,73.9,127522800,1625,611700
9673,2.37,58.5,0,17.7,31.5,6.6,72.2,222047700,958,705700
6991,1.55,45.7,12.4,48.5,39.1,7,69.1,678134400,1594,500800
3392,1.48,37,8.2,0,84.1,6.6,65.8,226791400,1396,235500
3783,1.58,39.6,0,4.9,90.8,4.5,77.7,276540500,1356,265700
7060,1.86,33,0,5.3,73,12.1,84.5,364872300,1731,465700
6639,2.53,23.3,13,20.1,41.9,50.8,61.2,167476300,485,486900
6589,1.34,18.5,0,16.3,35.6,22.5,60.6,327721400,1086,364300
5447,1.33,26.4,0,9.9,22.8,16.5,72,248689400,1271,382600
6137,1.41,30.4,0,4.5,67.9,9.2,65.6,546114000,1528,541200
6851,1.75,37.2,0,4.4,41.3,6.9,58.9,311069600,1515,560400
5678,1.49,48.8,0,25.3,59.5,7.2,62.1,639684100,1556,421400
6019,1.6,39.5,0,28.4,45.1,11.6,52,172779800,1446,487000
6492,1.54,48.1,3.7,0,84.3,5.6,62.6,419187600,1732,491700
5437,1.4,40.5,7.9,6.6,75.4,7,73.2,647673400,1723,375500
7206,1.41,41.8,4.6,4.9,62.9,10.9,67.4,478252100,1835,487000
4211,1.39,32.4,0,4,77.3,15.7,72.2,353060500,1950,313800
4489,1.52,26.3,7.4,7.2,79.6,4.5,83.1,266324700,1785,334900
5689,1.3,34.1,0,0,71.8,5.3,85.8,742159000,1956,409600
6852,2.16,39.2,59.1,0,0,25.3,66.9,96234500,858,481700
4771,1.96,61.3,7.1,18.8,35,2.3,61,121320100,974,315100
5037,1.97,47.4,0,13.6,50.6,1.8,63.3,261566400,1101,322600
4924,2.13,55,11.1,23.3,0,5.9,60.1,55826100,1380,307600
4422,2.46,51.3,18.8,29.6,23.3,5.1,60.9,177147500,1027,282000
3930,2.18,48.6,3.9,11.8,22.1,2.8,62.6,224927400,1109,267800
4870,1.07,44.1,8.7,9.9,9.9,8,43.6,189678600,1300,346400
4715,2.13,62.8,0,36.5,17.3,6.5,63.6,114820700,1380,318700
4401,2.51,49.6,14.6,29.6,20.3,5.7,63.2,158866300,1038,271700
4282,2.54,57.6,11.2,22.4,9.5,13.9,58.4,159807900,1724,263100
4627,2.31,54.1,9.2,5.7,26.8,7.2,61.1,218754600,1006,293600
4510,2.15,48.9,10.8,28.6,5.2,14.5,61.4,75955800,898,308300
3772,1.86,53.9,6.9,22,22.3,6.4,63.8,168571600,886,252900
4996,2.27,52.2,3.2,27.2,30.1,5.7,56.3,132888500,995,292900
4492,2.03,49.9,23.9,13.5,4.9,5.2,63.3,124521900,962,280800
3474,2.31,44.1,26,31.1,0,19.1,53.5,78395600,962,193600
6573,2.31,59.8,7.1,39,33.1,1.4,62,186307300,872,452700
6174,1.68,66.4,21.1,8.5,10.7,4.3,61.5,299956400,959,409400
4937,3.38,56.8,7.7,32.6,14.2,11.1,66.8,116500100,1208,344600
5094,1.49,45.1,1.7,19.9,12,10.5,41.7,131751000,413,293400
3786,2.89,41.2,0,11.3,4.7,8.2,65.9,53588700,1313,297000
5647,3,52.4,0.3,34.1,13.2,11.4,57.2,125481000,1047,344800
3102,3.62,39.2,15.6,2.5,11.4,42.7,62.8,56280300,919,210000
4625,3.01,25.3,17.2,17.7,6.1,17.7,65.1,90784400,934,215900
3468,4,46,18,40,11.5,15.6,71.5,57621100,865,189300
4204,3.11,46.7,18.9,0,11.6,23.9,60.9,84781300,915,213700
4243,2.71,58.6,5.8,36.5,17.7,9.9,63.3,178370300,963,274200
5054,3.02,50.7,19.3,20.9,5.9,15.8,60.5,92666800,940,239200
4258,3.82,46.5,22.3,42.9,0,16.2,56.1,51557600,954,232700
4686,3.59,39.6,34.7,30.4,6.9,18.6,63.8,89226200,958,242700
4426,2.28,41.5,0,29.4,26.8,10.9,75.7,63449400,995,282800
3976,3.32,37,24.2,29.9,5.1,25.7,65.4,122909100,894,252800
5000,2.89,53,11.5,32.9,17,17.6,69.5,261128600,960,382400
4796,2.28,41.8,5.7,27.7,11.4,18.7,67.5,196368700,932,301300
4172,2.63,42.5,5.4,15,7.3,11.6,67.3,206957000,1056,269800
4113,2.53,39.4,30.6,11,2.8,16.1,56.5,127185900,996,241100
4464,2.76,44.9,2.7,20.9,14.1,11.4,61.4,79345000,975,270900
4403,2.41,56.2,4.6,21.3,4.6,7.1,65.7,102243700,1015,238200
3491,2.84,42.2,0,48.5,25.2,15.2,51.4,89368200,917,235300
4014,2.35,44.9,19.6,24.5,7.8,10.8,61.4,105214900,949,244700
4231,3.06,51.2,4.8,20,11.6,10.9,62.8,106237900,975,235700
3971,2.79,50.7,6.6,41.9,10.9,8.3,67.8,123273700,927,255800
4457,3.09,33.4,28,15.9,20.3,38.3,59.1,41424400,1002,244000
4023,2.71,45.9,18.4,37.5,0,19.1,62.5,82551400,921,269700
4583,2.88,44.8,14,29.5,14.4,18.9,64.5,96644900,1006,259300
4056,2.17,54.9,24.5,49.4,2.5,7,61.3,79630900,861,239300
3860,3.14,43.9,23.3,5.3,1.9,7.6,57.5,61252800,1115,301000
6095,2.7,49.2,6.2,55.2,10.5,3.2,63.1,121655600,903,364800
2370,2.16,42.3,39.1,2.8,37.4,24.8,60.5,88087300,797,158800
4528,2.81,40.3,8.6,46.8,11.8,28.7,64,102997500,920,286300
4532,3.26,46.4,20.2,42.7,3.6,16.6,67.7,79185500,1002,293700
5057,3.58,43.5,27.8,52.2,4.1,12.3,66.7,87154200,1026,263000
4394,3.04,45.8,26.7,26.7,12.8,12.8,68,91467000,955,248000
3875,2.63,34.2,13.8,36.8,6.9,14.7,69.9,88639700,957,196600
4234,3.1,40.5,10.2,26.3,3.3,18.1,57.7,147312900,1127,293600
5043,2.43,42.3,20.3,17.7,5.7,6.3,73.2,142997700,1069,255000
5036,1.76,45.8,0,55.2,18.1,7,68.9,94385900,860,371400
6050,1.82,38.9,11.1,23.5,18.5,9.8,75,61075300,885,410200
5921,2.15,56.2,0,12.8,46.2,6.9,74.5,108210000,1112,385600
4192,3.1,45.5,7.7,50.5,6.1,9.1,58.6,52820000,909,236500
4181,2.68,41.5,21.2,17.7,1.5,14.8,56.1,70909200,944,191800
2316,1.53,44.7,12.6,9.2,28.7,12.1,40.4,48860500,1434,167800
4073,3.13,49.2,4.8,17.4,14.7,10.7,61.6,103290000,929,225100
4087,2.39,48.1,15.6,0,28,14.9,67.7,125521900,1033,236300
3998,2.01,49.5,25.4,13,11.6,15.6,59,90007200,1074,228000
3991,2.71,56.3,17.2,17.2,16.6,6.3,67.2,146118900,1127,248500
4035,2.32,46.6,6.8,34.6,11.3,6.2,55.8,66371500,928,247400
4004,2.37,59,16.3,25,3.8,17.3,56.9,63818000,1004,220200
3855,2.2,53.8,6,27.7,7.1,10.7,56.1,91735600,901,234700
4262,2.51,46.7,0,50.5,10.3,11.5,65.5,42774100,833,249400
4095,2.65,49.6,4.5,32.3,21,8.3,63.4,202064600,897,238900
4171,2.62,45.8,13.5,20.4,12.4,11.7,65,94586100,933,225500
3917,3,43.7,18.9,20.5,6.6,16,59.5,122787700,947,222900
3777,2.81,35,25.3,49,0,29.8,55.7,33219600,847,206300
3952,3.61,41.9,16.1,36.2,5.8,24.2,59.2,88690600,971,222600
3700,2.23,45.3,23.6,29.3,5.2,11.8,61.2,107711400,791,229400
3923,3.12,47.9,23.5,28,1.9,13.6,52.8,71878500,903,207000
3540,2.65,35.5,16.2,39.3,10.2,22.6,55.4,84520600,875,239100
3649,3.95,38.1,12,44.4,0,24.9,61,64776700,1122,191000
3400,3.89,40.1,31.7,45,2,10.1,60.6,82569600,1026,222100
4427,3.41,42.7,38.5,13.3,3.2,10.6,60.2,46288100,946,230000
4554,3.56,42.4,34.4,27.8,0,24.1,60.9,68465800,931,193300
3846,2.89,40.7,29.4,35.1,0.9,21.4,51.3,98277800,955,241000
3754,2.53,42.1,16.1,34.8,0,21.2,61.9,31772200,881,197900
3396,3.99,42.4,28.1,33.2,6.2,28.4,54.9,40204900,1015,191000
3537,3.7,38.3,27,39.5,2.4,24.7,55.2,95205000,873,173200
3730,4.12,44.9,27.4,36.3,7.8,34.8,60.8,41907400,914,187000
3377,3.72,36.5,28.3,37.5,1.8,22.7,62.6,72278000,866,154200
3241,4.01,45.9,23.4,38.9,8.1,23.3,56.6,64799900,1057,163500
3686,2.91,46,9.1,35.7,2.7,13.1,66.4,75209400,931,208900
4517,2.77,33.2,15.9,18.2,3.4,18.7,58.2,74131900,880,198600
3500,3.6,36.7,23.4,47.4,1.1,30.5,66,31933800,888,208000
3344,3.43,42.4,8.9,27.5,0,20.4,57.4,43438700,947,202200
3522,3.12,37.9,20.6,43,0,26.6,63.8,54775100,876,227000
4845,2.55,42.1,13.9,19.9,10.1,20.1,60.1,93669000,1082,317700
4106,3.21,37.4,8.9,41.2,4.6,22.7,60,50940500,965,265500
4101,3.21,39.3,5.3,44.7,6.3,16.4,63.1,68918700,909,255900
4677,3.07,36.4,28,37.3,1.5,26.7,55.9,63457400,924,243500
4500,3.07,42.6,56.3,22.1,7.4,15.1,64.1,57425600,880,278800
4355,2.65,27.1,14.7,23.7,3.9,25.8,66.4,76593100,939,257600
4624,2.51,40.2,24,22.7,25.3,12.4,68.5,101976600,955,291200
5620,2.59,38.1,35.1,22.3,0,16.3,66.2,85655000,982,348500
6380,2.29,27.9,17.7,15.3,51.7,11.4,77.7,96103400,1170,386600
6111,2.01,41.3,5,11.9,39.1,10.9,72,99980300,1249,438000
5023,2.34,32.8,15.2,11.7,37.6,14.3,72.7,90183700,1327,371100
6146,2.14,29.6,16.8,27.3,10.6,15.8,67.2,40754000,954,325400
3982,1.99,32.6,8.7,24.1,21.7,23.9,65.6,140177700,829,320700
3667,3.12,38,22.1,30,12.9,25,63.5,63865800,899,265200
4455,3.38,34.9,10.7,28.7,4.6,25.8,61.2,64026600,939,306500
3420,3.14,38.9,25.3,35.1,12.1,42.3,52.3,46593000,946,190900
3793,2.84,33.6,9.9,70.2,3.5,24.1,65.1,68932000,1028,267000
3610,3.21,38.4,26.2,15.4,11,19.1,58.2,50495500,981,232000
3339,2.4,25.8,7.6,17.6,13.8,29.6,54.7,101872000,958,312700
3745,2.93,29,10.8,39.4,22.4,13.7,67.2,80826700,1069,274200
5077,2.16,31.8,26.7,13.5,32.8,24.7,72.5,81345900,983,313900
4325,2.37,38.5,17.8,18.1,12.5,16.9,76.9,77269500,1053,284000
4205,1.93,31.9,7,20,34.5,14.9,65.4,68912400,812,424600
6439,1.99,40,22.5,9.6,29.7,12.9,75.1,136596300,1180,464800
7917,2.14,43.6,0.7,2.1,87.3,5.3,83.3,125368400,1614,528200
4236,2.72,36.8,60.9,15.5,1.9,19.7,65.7,31712900,1017,279200
4265,2.21,24.2,15.5,21.3,24.8,16.6,71.3,37579600,973,310900
3500,3.28,39.1,22.9,36.3,6.7,29.3,65.9,51172100,1042,248200
4310,2.91,26.3,22.6,0,2.6,44.1,43.8,12206400,873,236600
4972,2.51,20.6,15.9,52.3,7.4,28.8,61.1,34693300,921,280000
4066,3.34,36.3,32.2,21.6,3.9,27.4,57.6,32310600,824,229500
4737,4.41,49.7,26.5,24.8,0,28.4,58.5,14593100,870,265500
3412,4.2,33.2,27.7,23.7,0,24,51.9,39540500,984,165600
4346,3.28,35.2,35.3,28.8,2.7,29,48.3,40655800,904,165300
2207,3.76,29.5,30.7,33.7,4.4,39,43.9,78782400,940,156800
2581,3.25,40.3,22.6,20.3,4.4,23.6,52.6,68473700,925,195700
2443,3.13,44.6,7.7,35.4,19.2,15,49.1,22592400,893,194700
2534,2.71,27.2,30.2,14.9,5.4,39.5,51.8,87599700,951,235000
1652,3.26,33.4,24.3,62.6,0,26.5,43.2,19735100,919,134400
1864,3.45,27.4,24.7,55.7,0,46.8,42.2,50097500,865,140000
2306,3.69,12.3,32.7,29.7,0.6,43.8,35.4,58080600,992,177900
6565,1.43,37.4,0,15.8,34.2,10.1,74.5,94576500,812,438400
6741,2.05,37.8,5.2,4.3,67,4.1,78.7,109719600,1462,593300
5513,1.69,42.5,0,29.2,67.2,6,89.7,157820900,1762,361800
5638,2.12,34.2,21.6,15.7,39.9,21.7,78.4,69058900,1332,325300
3962,2.12,40.7,0,6.3,49.4,35.5,64.8,50886900,875,278700
4135,2.37,26,13.9,31.5,12.1,23.1,53.5,32484800,930,293400
3393,1.97,39.3,0,14.3,65.7,17.2,60.6,25853500,959,276200
4500,3.11,22.3,9.7,33.8,30.6,29.7,57.8,39371100,921,269400
4329,2.5,17.9,16.5,3.5,41.5,21.9,70.5,106343600,1124,274500
8289,2.49,32,9.8,6.4,61.5,17.3,70.4,76496600,1347,548100
6292,2.49,22.1,22.1,25.1,34.9,21,69.5,78470400,1727,416900
6856,2.19,36.6,23.5,10.5,35.5,15.7,77.6,304617600,1586,464500
6221,2.14,25.1,0,0,38.7,13.2,88.5,160967600,1432,474300
5000,2.11,29.2,5.6,18.2,30.8,15.6,80.9,150181300,1339,340700
5738,2.03,23.7,15.1,18.5,38.5,18.8,65.9,150821700,935,454900
6181,2.04,34.1,0,13.9,37.8,8.4,85.4,196966600,1383,444900
6443,2.35,34.4,9,8.4,64,13.8,79,200625000,1312,457800
5948,1.83,30.2,4,18.6,26.1,6,82.3,142258200,1235,447600
6958,2.12,38.7,15,19,30.8,7.8,73.9,107007200,1129,452400
5457,2.55,29.5,3.8,29.7,29.3,13.7,70.5,101095600,1024,332700
4269,2.41,26.2,11.5,18.1,20.4,19.8,63.7,152442300,966,329000
6250,2.11,50.7,15.4,38.5,27.4,12.7,63.7,51205900,1101,398000
6034,1.98,31.7,9.5,0,78.4,18.4,77.5,71824200,1103,395000
6364,2.34,49.8,19.8,30,8.6,16.9,79.7,86938200,1154,394900
5518,3,40.3,14.4,33.3,23.7,14.6,70.9,87788800,1080,368300
6719,2.71,33.1,18.3,5.9,47.5,13.6,87.8,105862600,1280,447700
6295,2.03,41.2,20.1,42.3,24.2,12.5,75.1,106157500,1304,370000
4438,2.11,30.8,13.1,19.1,25.8,12.7,72,119273300,1158,334200
4862,1.87,32.3,2.8,14.2,61.6,13.3,81,192184000,1532,363800
2583,3.79,25.8,24.9,37,2.7,28.7,50.8,35891300,1005,166100
2827,2.68,31,28.3,27.1,1.4,36.4,54.3,68134800,915,178000
2644,2.76,28.1,24.8,43.7,1.4,29.6,43.5,90795900,880,181700
4044,1.8,43.5,7.1,24.1,4.2,15,58.6,215354600,884,251900
1905,2.63,24.6,26.7,20.3,7.3,16.3,45.3,78737300,942,188300
2666,2.87,18.1,37.8,28,0,37.3,43.4,82226700,949,177800
1850,2.75,31,26.1,38.9,2.3,27.4,46.9,35773300,956,161200
1919,3.12,17.4,33.9,25.9,7.5,31.4,36.7,20845400,943,146900
2308,2.76,20.5,38.3,25,0,33.5,36.8,55722600,921,172600
1892,3.11,26.4,15.4,46.8,2.2,23.1,39,58301600,960,159600
2223,2.94,20.5,26.1,25.7,1.8,31.7,41.1,65287900,922,125200
1997,2.36,25.5,22.9,47.4,5.6,30.7,39.3,63228900,865,199000
1664,2.99,16.2,21.4,50.6,3,32.2,39.3,51664400,884,167200
1969,3.69,18.9,22.4,44.5,0,36.4,37.5,42881700,962,150300
1893,3.64,14.8,45.5,23,0,55.2,26.3,14659700,1072,124000
1835,3.37,25.9,26.6,46.9,0,39.6,34.8,55592100,1015,171800
2321,3.32,17.2,32.1,47.8,0,49.5,38.5,56060200,871,115900
2421,2.33,16.2,20,54.5,3.9,31.1,48.8,82947100,794,203000
2244,2.92,12.9,12,45,0,25,43.8,25167200,798,171200
1932,2.92,17.8,18.8,46.3,0,37.5,38,73739600,985,177000
1291,2.85,14.7,15.6,25.3,3.4,43.1,34.2,35516300,812,95200
1485,3.15,21,28.3,36.1,5.8,34.7,41.5,61022400,854,181400
1284,2.97,11.1,30.6,44.2,0,41.5,39.8,16792000,769,119200
1441,4.31,13.8,32.8,0,0,68.2,41.1,11845700,1006,171400
1375,3.32,10.6,21.3,48.8,3.1,43.9,31.9,18766200,1034,130000
2250,4.04,26.2,23.4,48.5,0,48.2,32.7,23815500,965,201200
1788,3.54,20.9,14.9,70.2,6.5,48.2,39.7,20066700,905,195100
2583,3.38,12.9,26.5,32.7,5.4,52,30.9,32683500,1001,233300
2365,3.99,24.2,18.6,51.5,0,41.5,41.3,29774200,976,130500
1424,2.91,13.3,29.9,32.4,0,51.6,32.7,19365800,826,120000
1389,2.77,16.7,23.8,45.6,0,46.6,35,11131100,1020,108700
2000,3.52,13.4,31.8,33.1,3.2,52.6,34.3,11305900,905,175000
2740,2.78,12.1,6.5,46.5,0,36.9,39.2,16214900,770,145800
4516,1.53,35.3,3.7,0,69.9,7.8,90.6,502912500,1914,340500
3804,2.79,26.4,11.6,37.2,12.8,37.5,39.2,10675300,424,233000
4421,1.67,31.6,0,1,65.3,21.9,67,287947200,1515,320400
2951,3.45,22.7,29.7,15.5,29.5,37.4,62.3,50556000,1282,195600
5205,2.04,35.4,0,2.6,60.8,7.6,67.4,52945500,1161,239700
6484,2.49,19.2,6.5,5.4,51.2,37.5,62.3,72609900,1342,378600
4082,2.34,24,10.5,12,24.2,31.2,65.6,42664300,1231,311300
1209,2.13,35.1,24.8,13.8,39,23.5,60.4,111859200,1044,264200
1830,2.92,16.5,23.7,47.7,3.4,49.3,40.9,36443500,722,122600
2438,2.43,35.1,31.1,13.5,4.1,25.5,54.6,14456000,830,154500
2331,3.35,11,31.3,40.1,2.3,44.6,33.1,29484100,838,129400
2167,3.45,17.6,43.6,33.1,0,49.9,33.5,23719700,988,165100
1911,3.56,22.1,18.8,39.2,3.7,38.7,44,51845700,888,146100
3116,3.81,37.1,47.4,19.1,5.3,23.9,57,31136300,797,164100
2399,4.04,33.1,37,38.4,0,26.6,49.6,36522100,779,161600
2375,3.8,32.2,28.8,34.4,6,44.4,59.8,49287700,726,143800
2596,4.13,39.1,40.5,18.1,0,39.9,47.5,45310600,752,151900
2466,3.22,25.8,23.9,33.6,3.1,49.1,56.9,42278100,728,162800
2645,4.19,40.5,31.4,31.1,3.3,40.5,55.2,30836600,726,160200
3336,3.5,37.7,45.9,25.8,8.1,38.3,53.9,34090100,737,169400
2302,3.59,42.1,33.6,23.7,0,38,49.8,47963900,641,118900
2135,4.03,48.4,29.6,20.7,5.5,29.7,54.5,42044400,735,170000
2549,3.77,46.3,34.9,25.2,9.4,42.8,50.5,34780900,837,142700
2240,3.94,43.7,34.6,22.8,5,39,43.9,37496200,765,123300
2318,3.58,41.5,24.9,32.9,1.5,26.7,62.1,31681400,757,162000
2127,3.93,35.2,28,18.9,3,38.5,54,47897200,770,147400
3530,2,37.7,18.1,2.1,22.2,19.2,69.8,46209900,1155,230400
2962,2.22,29.4,0,9.7,35.5,22.6,68.9,42349000,985,296700
3475,2.23,32.5,23,28.9,6.9,13.5,62.8,30204400,826,250000
1974,3.12,46.1,17.4,45,12.1,39.8,56.9,24649400,711,252500
2838,2.26,26.1,11.3,44.6,11.3,36.3,56.9,85448700,729,272200
2933,2.31,21.8,21.8,2.8,23.5,32.4,67,20449900,753,194300
3652,3.32,33.3,14.9,41.9,2.5,18.7,62.9,64076100,802,216500
2748,3.09,39.7,20.3,29.7,13.3,29.2,59.6,80845100,825,195300
5707,1.52,47.1,0,16.4,48.1,9.3,67.3,1011112500,1898,463000
8500,1.64,21.8,0,23.5,7.9,8.1,50.5,117086000,2000,666700
5905,1.74,40.6,3.3,24.2,43.1,16.4,74.5,281643600,1749,377200
4594,1.61,35.8,3.5,18.5,51.1,8.9,79.9,1170473200,1649,346400
6375,1.66,45,6.6,4.8,45,12.5,69,221882000,678,438100
5229,2.22,53,6.6,15,21,23.8,47.9,29831000,677,330800
3988,2.82,54.7,5.2,3.2,46.4,42.9,53.7,21030100,874,239400
4839,1.9,38.9,0,49.5,41.1,31.6,48.4,37420600,463,310800
4927,1.85,18.7,0,16.5,58,26.1,59.7,108945600,1000,381700
3283,1.83,22.9,23.4,6.5,13,34.9,48.8,48162000,739,237300
3447,1.77,20.3,0,54.9,15.9,31.8,49.3,21853800,737,225000
3034,1.93,18,42.5,57.5,0,17.7,52.2,47017100,781,252100
3186,2.93,22.8,51.7,19.1,0,35.2,52.9,28498500,946,166000
2370,2.22,14.3,15.1,40.7,5.2,28.5,48.5,32262800,821,218300
5556,2.22,32.9,28.6,14.3,17.6,9.4,56.3,44827700,1131,384500
3421,1.66,15.9,47.9,0,0,36.4,47.8,66296100,675,184600
9786,1.96,40.7,37.6,7.2,15.2,17,58.3,82840900,899,566200
6735,1.9,40.5,4,2.7,52.2,10.2,67.6,104387600,1063,620300
1679,1.87,24.9,1.3,13.4,61,18.2,48,236225500,1309,168500
2419,2.67,10.8,9,33.7,10.7,48.1,42.1,24323000,977,96900
2205,2.78,12.3,77.9,16,0,61.4,39,21057500,684,131300
2771,1.76,32.9,22.8,13,53.1,28.2,59.1,50482000,938,183000
3776,1.69,31.1,1.7,27.3,32.8,35.2,48.6,26216200,935,329600
3526,2.2,24.3,0,22.5,18.5,28.4,60.2,69057800,1141,242300
3712,2.05,29.8,3.1,16.2,15.8,31.4,59.2,68282300,1044,191700
3781,1.64,31.6,5.3,15.1,34.9,23.4,57.4,59358100,1002,269800
2369,1.92,24.5,0.9,25,54.4,23.1,54,83466000,936,164100
2876,1.61,32.2,2,4.4,26.8,21.5,66.9,113628000,951,284800
2344,1.39,28.4,2.7,13.7,10.8,15.7,52.7,139699500,965,161700
3784,1.66,49.8,1.5,23.2,19.2,8.1,57.5,114514800,1113,351500
5987,2.25,56.5,2,25.6,9.9,17.4,64.9,115086100,1167,523800
2744,2.32,22.8,4.4,31.1,28.5,25.4,48.5,29180700,890,207900
2314,2.27,18.2,24.2,49.2,5.9,45.4,37.3,30463600,826,146600
1425,2.86,11.1,16.4,58.1,0,64.2,28.4,16900600,812,89100
2185,2.73,17.1,26.2,43.8,8.9,44.8,34.2,40139500,1021,113200
2911,2.95,16.7,18.1,31.4,4.8,42.1,41.3,28038800,986,198900
1804,2.61,15.9,17.9,25.3,8.7,38.5,42.2,22610500,632,148800
3819,2.49,12.9,10.9,56.6,5.6,26.6,49.2,63195000,958,266500
2415,1.83,18.2,29.1,3.1,0,24.9,56.5,66037800,748,171000
2118,2.83,15.3,38.9,7.4,0,41.1,46.3,28385100,941,119000
1420,2.77,16.2,32.1,38.5,4.3,48.6,30.8,44776700,1015,134500
2189,2.02,19,5.7,21.4,13.9,40.8,46.1,55718000,772,181300
3463,2.32,18.8,10.4,28.4,10.9,24.4,61.3,41930600,890,258300
1429,1.91,13.4,0,17.2,50,38.1,48.3,45997500,865,200500
2506,2.18,36.6,0,35.1,7.8,25.8,55.8,37965800,855,220100
2405,2.05,18,13.3,16.3,14.3,35.6,37.2,23213200,877,171500
1975,2.61,30.5,12.9,22.2,32.7,13.6,48.5,66639500,788,156100
2708,2.73,17,23.6,22.4,7.9,45,42.1,40757000,912,122500
1260,1.72,14.8,13.4,18.5,0,35,45.1,113719700,845,78100
1462,2.34,14.2,38,2.5,4.9,34.3,46.6,57610100,746,79200
1763,2.02,20.6,11.4,21.9,0,37.5,44.7,46244400,829,106800
2637,2.29,13.1,4.7,8.6,7.7,30.5,49.6,98737700,921,159700
2131,2.2,22.9,2.7,37.3,2.7,29.4,45.2,72716600,790,171000
2352,1.89,32.2,8.2,22.4,6.8,11.6,49.8,121280500,888,165900
1657,3.1,21.8,24.1,41.2,4.6,20.4,46.6,45019100,1047,150100
1565,2.59,31.3,15.9,32.9,0,21.1,48.7,35177600,950,124000
1276,2.53,12.9,7.6,46.5,4.1,46,43.1,21048800,858,97700
1454,2.39,19,29.4,19.8,18.3,13.8,43.1,45117100,831,138900
1712,2.22,35.2,17.1,46.2,0,18.1,40.9,84633700,1043,159200
1349,3.02,31.3,14.7,43.5,2.4,27.8,54.3,64809100,760,100000
1288,3.21,35.9,37.7,30.3,0,36.1,53.8,32721300,720,120000
1449,3.44,30.8,23.1,15.8,0,33.5,50.4,38591400,856,104800
991,2.95,23.1,36.9,27.9,0,45.5,32.4,37670800,908,110900
1796,2.35,25.5,14.1,32.7,4.2,19.2,46.4,67185800,903,122000
1836,2.18,22.1,0,47.1,4.4,13.1,45.8,100852800,849,140100
1500,3.13,24.1,27.2,24,0,34.8,37.1,13024500,926,112100
1159,2,25.5,44.5,26,0,41.8,33.5,23493800,455,105100
1474,2.12,24.9,21.5,23.5,4.8,31.9,42.7,36008300,636,120000
1706,2.89,38.4,5.7,22.9,14.6,13.6,43.6,63658200,798,161900
2193,1.82,28.1,6,10.7,0,21.9,38.4,24406400,1016,155700
1688,2.44,24.2,6.5,37.7,18.2,24.4,37.4,27842900,1003,140200
1779,4.08,23.8,17,41.9,3.7,11.7,45.5,173122800,1132,170100
1578,3.14,34.2,27.7,21.3,2.4,17.2,40.1,55852300,1142,142300
2168,3.26,35.5,24.9,36.6,15.6,20.2,43.8,51257500,1124,163400
1601,2.46,31.1,3.7,48.1,0,12,52.7,23039500,1152,165400
2215,2.43,25.2,13,25.3,5.3,7.6,47.2,43392300,1134,156800
1496,3.72,36.3,18.6,20.7,16.4,17.8,38.3,30069400,1145,115200
1124,3.43,25.7,3.9,11.6,13.1,31.1,34.8,41267700,1177,98100
1479,2.51,23.7,43.5,38.2,4.2,23.5,38.6,67580200,964,138800
1345,2.54,22.1,34.4,25.6,2.1,30,41.3,62949000,789,154600
1725,2.34,34.1,5.2,49.6,3.2,15.3,41.5,87554900,994,149000
848,4.19,17.9,28.2,39.7,1.4,50.2,26.8,47581400,1114,75600
1538,4.74,35.8,23,24.5,0,18.2,41.1,82488300,1399,128600
1494,4.4,26.3,30.5,36.1,10.9,21.9,35.7,44633500,1299,116900
969,3.21,20.3,18.9,48.6,0,43.9,36.1,28463700,1049,79600
1360,2.33,19.9,39.4,13.4,0,36.3,37.9,39188800,870,105800
1102,2.42,20.5,16.9,49.3,0,21.6,48.7,68331100,880,133100
983,2.99,19.8,24.8,30.5,0,39.5,41.5,29472700,944,95600
1563,2.13,30.8,23.9,62.7,0,18.8,48.3,34057100,808,134000
942,3.5,38.4,10.6,34,8.2,18.7,50.5,48832600,750,115300
1254,2.71,29,24.8,44.3,0,22.5,51.1,53138500,1031,118000
932,3.3,31.2,21,26.5,2.6,25.8,40,80685800,1054,94600
1405,4.72,50.7,28.2,34.3,0,38.5,53.3,25677000,815,129500
1364,3.84,33.9,34.3,34.6,7.1,38.5,49,42527600,792,87300
1600,3.47,50,20.4,38.8,4,24.7,53.4,90657600,820,116700
1604,2.7,46.7,22.9,32.7,0,12,54.3,64160100,818,135100
1576,3.78,50.6,9.1,49.8,10.3,12.6,60.5,107900700,713,141500
1364,4.15,49.9,24.1,17.3,4.2,13.1,47.9,46725300,813,116000
1358,2.48,32.5,34.6,33.5,0,41.1,45.7,25364400,717,87300
1167,3.86,15.9,37.7,41.3,2,53.6,37.5,51710400,1040,111300
1125,4.27,29.6,14.7,45.5,5.6,24.9,42.9,70855300,960,112500
1643,3.65,23.9,36,25.2,7.5,20.5,44.7,42798500,912,130700
1353,3.07,23.5,57.4,10.7,0,38.7,38.7,86295800,1079,99900
1259,2.71,40.6,25.6,18.3,18.3,20.2,40.9,23394700,1322,121000
1213,4.39,25.5,30.5,27.5,1.5,32.4,39.3,81456900,1051,118700
1340,2.67,23.6,30.1,48.4,3.4,38.6,45.6,40583000,913,111400
1110,3.33,8.7,23.1,47.6,0,69.6,34.1,25606500,337,93200
900,3.03,8.7,17.5,51.1,3.1,56.3,35.8,25141300,471,66800
1800,2.97,45,20.3,39.5,15.6,20.6,52,149132700,834,123600
1728,1.28,45.6,0,18.2,19.7,7.8,56.1,67954700,1015,152900
2675,2.07,30.9,10,39,16,27.9,49.7,17878900,714,161900
1402,3.2,38.5,13.8,44.7,10.6,17,49.3,26951100,1227,129600
3132,3.05,49,5,13.7,30,7.5,53.8,62634900,1655,162600
2597,2.18,43.5,4.8,26.1,11.8,8.6,58.1,70998800,853,195800
3117,2.46,46.3,5.1,28.6,27.5,5.1,59.4,165468000,958,216800
3170,2.27,53.5,13.1,44,5.5,5.9,57.7,158042400,1270,229800
3521,1.9,51.2,18.4,23.5,16.1,8,56.7,161249200,926,234900
2812,2.13,51.8,19.9,27.1,4.2,3.3,58.9,174557700,1050,210500
2847,1.96,46,3.3,16,11.3,13.8,64.9,22296700,940,154500
2897,2.57,44,10.6,35.9,7,9.5,50.2,32598600,734,184500
3131,3.72,40.6,15.9,41.8,4.6,17.7,56.4,89888800,865,194900
2257,3.04,34.2,18,38.7,14.8,14.2,57.5,29082400,840,184400
3086,3.16,41.8,25.5,34.2,0.7,14.7,57.4,41290300,885,207900
2965,3.1,48.3,19.8,27,2,33,53.5,39763400,883,173400
2765,3.64,38.3,34.7,29.6,4.3,23.1,58.7,38373500,812,163800
2360,2.79,45.8,42.2,23.1,10,21.3,55.7,28252900,675,152100
2681,2.66,47,12.8,56,4.3,26,46.9,52007900,752,178200
2683,3.5,36.9,37.8,23.2,2.7,28.1,58.7,66210700,796,152000
2588,3.35,41.3,12.9,41.1,5.6,25.8,58.4,67324300,761,160300
2545,3.78,38.8,31.4,38.2,0,23,59.4,64477900,806,181900
2495,3.82,46.3,33.7,28,0,25.6,54.9,72836900,824,167100
2778,3.31,47.8,42.6,12.5,3.7,35.6,50.4,16678800,776,125000
3392,2.16,43.8,11.8,45.3,4.1,25.1,61.4,36945200,868,212600
2384,3.01,50.8,34.5,28.3,5.7,15.7,56.3,60175800,839,194100
2919,3.49,43.6,39.2,12.5,4.7,26.3,61.7,52380700,829,231900
3299,2.71,41.8,1.2,32.1,31.4,21,62.4,76767100,824,266000
3151,2.44,40.1,2,36.5,25.7,25.5,59.1,42439500,729,219400
2759,2.17,35.3,25,18.3,9.3,21,56.2,39258500,851,263600
2875,2.25,47.3,18.6,19.3,34.2,17.6,65.6,78746800,779,221900
1903,3.81,39.2,35.2,25,6.2,30.7,54.8,70846700,703,137300
1707,3.59,39.7,47.8,8.9,0,41.4,54.2,15150200,631,120000
2735,3.33,44,25.2,29.6,20.4,15.8,57.9,35293800,899,164400
1547,2.68,32.5,14,25.8,0,56.4,30.3,8808400,831,55700
1310,3.11,31.4,4.3,26.1,12.1,46.7,48.8,19823600,663,107900
1992,3.76,39.1,23.8,52.1,0,41.9,38.8,20350500,785,111700
1274,3.25,36.7,9.3,52.6,2.7,38.2,50,30800800,695,102000
1306,3.53,40.3,27.6,39.6,0,37.5,54.1,31954000,732,122500
1810,3.12,44.1,42.2,27,2.3,21.7,40.5,29103500,725,126000
1255,4.35,24.1,45.2,21.5,0,35.7,32.9,15134100,830,92900
1473,3.43,22.9,29.2,22.3,0,43,38.4,13088300,869,125600
1320,3.56,25.7,35.4,46.4,0,53.6,40.9,20107800,879,113500
1321,4.21,13.3,14.1,56.7,0,43.5,33.1,17328200,930,145000
1466,3.64,17.3,22.8,68.9,0,39.9,37.9,16042400,962,109200
1310,2.84,17.9,17.1,23.1,15.1,33.2,27.4,16449000,838,124200
2468,3.96,46,31.7,28.8,4,19.5,54.3,66189200,777,170000
2832,3.4,40.3,19.1,47.1,8.9,15.8,60.4,40386000,1004,164000
2807,3.79,40.7,29.4,41,9.2,13.4,59.4,108776800,1122,166800
2568,3.8,50.8,14.9,36.3,2.9,16.9,54.1,65695800,963,149600
1739,3.45,36.5,45.7,23.7,0,28.3,59.6,13203600,659,133800
1739,3.66,47.8,43.8,11.3,0,25.9,58.7,24875300,747,175000
2845,4.08,47,28.3,34.1,0,20.7,53.7,56914000,962,145200
2082,4.01,43.5,38.5,28.2,1.4,29,56.1,66858700,790,122800
2219,4.09,45.1,32,29.4,2.2,17.5,59.9,70640700,813,146000
2184,4.08,42.4,36.3,38.9,1.6,29.8,57.1,77679000,815,117700
1926,3.72,38.2,27.2,32.6,7,26.5,58.7,64941500,816,155600
3172,3.1,44.7,29.8,7.6,20.6,8,57.8,28500900,1097,185400
3297,2.49,44.5,28.9,23.2,4.2,3.9,66.6,168184200,875,198000
2866,3.43,50.2,5.1,35.9,3.3,8.3,63.7,99433200,965,199400
2730,1.88,49.5,10.2,34.5,5.1,7,56.1,86943600,801,182900
3024,2.71,46.6,13.8,23.8,1.5,20.4,61.3,88395900,877,202000
2163,3.43,49.3,0,31.1,5.6,12.4,62.5,68384400,1085,159400
2742,2.88,40.4,14,24.7,0,14.2,62,32743000,816,175700
2467,3.75,48.9,23.8,32.2,13,20,64.4,67042700,856,149200
3025,3.29,48,22.3,26.3,13.6,19.9,56.4,121986600,879,165300
2734,3.73,41.7,19.1,39.1,12.5,13.2,57.4,104528500,1216,176600
2678,2.57,45.1,28,32,3.4,14.8,61.2,72098200,943,144300
2551,3.93,44.7,28.3,26.1,1.2,23.3,52.9,94479800,1132,151100
2423,1.85,41,14.8,28.2,6.4,19.1,54.3,77481600,1699,164800
1480,3.25,16.5,33.7,49.8,0,41.2,47.2,13059100,843,95000
2513,3.32,38.1,27.8,28.5,1.4,22.4,51.1,57863900,859,126800
2018,3.5,44.9,30.5,33.6,3.1,28.7,51.3,68720600,772,148200
1952,4.28,42.1,31.8,35.1,4.1,31.6,50.7,58598400,846,140800
1620,3.07,25.5,27.4,27.4,0.4,40.7,44,64561700,932,117000
1235,3.96,14.3,31.6,30.1,4.1,43.8,39,24265700,880,93800
1837,2.96,31.4,26.7,43.5,3.9,35.3,50.4,78036800,911,123600
2146,2.93,16.4,40.8,34.6,3.1,46.1,42.9,52071900,902,113900
1770,2.51,29,21.6,21.2,1.8,26.8,40.1,93451200,833,123000
2055,2.89,33.1,10.4,36.6,5.3,21.7,54.6,93654600,880,137100
2067,4.9,7.2,48.6,17.8,2.4,38.6,42.5,15974900,1129,124400
1306,3.38,21.5,36.6,34.4,0,36.7,32,9059100,888,115400
845,3.38,17.1,38.2,24.3,0,52.1,46.4,14473500,1079,74200
1305,3.37,25.3,35,28.4,3.3,48.9,38.5,20474600,887,115400
1494,2.96,14.6,16.1,48.2,0,36.6,34.3,11097200,852,114000
1264,3.39,15.2,48.5,27.1,5,44.6,32.8,15936100,906,94300
1139,4.45,13.4,36.2,8.6,0,39.9,35.2,13283000,1073,62500
1065,3.36,19.9,27.4,50.5,0,46.3,30.7,16998100,983,88700
1172,3.34,17.8,12.6,5.9,4.4,28.9,35,18811200,905,85200
918,4.71,19.1,38.7,37.4,4.5,61.4,25.8,10603500,859,109600
1265,4.17,14.5,27.4,24.2,15.8,52.5,32.3,12333000,1051,74800
986,3.66,21.2,20.4,33.4,12.7,43,42.3,28186000,886,77300
1114,3.64,18.9,19.1,31.2,16.3,35.4,33.6,20957500,1108,78900
1008,3.63,16,52,22,3,42.1,29.2,29620400,882,83900
1258,2.51,18.3,36.6,42.3,1.1,41.4,30,20272500,701,100900
739,3.49,10.2,45.5,38.8,0,37.3,29.8,13106200,1034,87200
959,3.54,20.9,28.9,33,0,20.3,41.3,17770900,1000,87000
1520,4.4,26.5,25.5,43.7,3.6,12.9,36.7,60188100,1275,109000
1542,3.62,25.5,55.2,19,0,63.3,33.8,13703400,954,106700
1250,3.47,12.6,30,33.1,0,56.7,34.6,10662300,810,91200
2379,2.11,18.4,14.7,22.1,0,50.2,31.1,35983900,667,115400
1324,2.52,18.4,15.4,47.5,0,56.7,29.5,35561100,747,120700
1336,3.31,13.2,35.5,19.4,0,49,32.4,33661500,989,75300
1912,2.97,14.5,17.3,34.3,0,46.6,34.3,24680400,846,110600
1449,2.77,14.5,27.2,21.1,0,48.8,30.8,22915500,875,147200
906,3.63,8.2,41.1,18.5,17,40.1,38.1,43359000,954,85300
1240,2.52,10.7,16.4,37.5,0,37.8,34.4,26508000,669,153300
1365,2.75,12.2,15.5,51.8,0,37.3,40.4,52923700,914,109100
1790,2.64,12.3,10,49.5,0,33.7,54.5,19548700,860,125000
1642,2.61,19.2,13.9,57.7,0,43.4,40.1,64195300,837,105300
1929,1.87,22.4,24,25,19.6,26.3,59,57928400,850,134300
1807,2.72,14.6,41.1,27.9,2.7,52.2,32.9,38665200,904,117900
2290,3.05,13.6,12.7,59.3,4.7,42.9,50,42001400,868,118400
2275,2.32,26.4,3.7,29.2,7.4,11.9,45.9,48875500,698,140800
1389,1.95,16.8,34,35.6,0,22,46.7,53118000,867,134300
1345,2.88,12.7,28.5,23.5,5.4,49.1,42.6,28126600,736,89400
2120,1.85,44.6,4.9,51.1,7.1,23.1,65.7,72472000,941,153300
1970,3.29,47.2,33.2,8,7,14.9,58.3,111339300,994,152700
2409,2.56,46.3,21,23.9,7.6,20.8,58,107892200,1426,162100
2637,4.16,42.1,11.9,25.2,6,13.9,57.9,126874700,1120,184400
2257,3.13,41.1,24.2,34.2,8.5,9.5,61.9,139710000,1156,142800
1976,3.6,43,18.8,13.4,1.8,11.7,58.3,96948800,1700,148500
1961,2.24,32.1,3.5,48.4,14.7,4.6,51.2,205105200,809,162400
2482,3.31,40.3,12.4,16.1,13,7.2,51.5,87604700,1084,185000
2441,2.92,9.1,24.9,35,0,62,31.1,12433200,754,157800
2986,2.87,14,47.2,31.5,0,44.3,40.3,64689400,914,133800
1258,2.47,21.4,12.1,37.2,0,30.8,36,17045400,828,112800
1574,2.56,30.4,30,39.4,4.4,24.9,39.6,91746000,957,118300
1685,2.67,17.1,13.9,35.5,6.1,28.2,43.9,63709300,870,156700
1467,2.64,14.5,19.2,64.4,0,33.4,35.5,20825000,861,129800
1367,1.87,22.2,14.5,65.5,0,28.1,43.7,52624800,848,110000
1806,2.31,26.6,4.3,37.3,7.7,7.8,40.8,91172100,914,154100
2273,3.11,21.2,24.9,30.6,4.5,52.9,30.7,31010700,854,151700
1505,2.81,20.3,21.3,11,0,31.9,38,45820200,763,112400
1545,2.8,19.8,38.7,48.3,0,30.9,38.8,48069900,870,100600
1477,2.05,25,24.8,51.9,0,23.2,42.6,95213900,832,141100
2047,2.65,29.9,32.9,27.6,0,28,38.1,24592900,930,130000
1783,3.45,18.1,22,29.7,3,43.7,32.4,28604800,784,126200
1340,3.51,26.3,39.2,12.1,5.2,23.2,41.5,38714100,1254,126900
5124,2.26,63.8,16.3,33.7,23.4,1.1,64.8,185525000,693,359900
3550,1.78,46,12.2,19,27.8,8.6,56.3,141382300,870,233500
3455,2.6,56.9,12.3,39.5,4.4,1.8,68.3,79051700,1066,234800
3591,1.45,51,8.4,13.2,21,2.3,66.2,92230500,921,284700
5498,1.44,56.6,5.9,54.5,23.8,4,67,77657000,1005,367300
3388,1.94,37.5,0,3.2,28.6,5.3,64.5,116613800,837,240600
1479,3.03,31.3,13.5,34.8,7.8,20.4,42.2,46433500,1056,131500
1626,2.39,18.7,10.5,34.4,6.8,25.9,46,95874800,811,122500
1299,2.61,29.2,37.2,37.2,0,21.8,41.9,52799200,888,144000
1474,2.57,27.9,25.4,5.6,0,21.8,51.4,19937700,830,152900
1484,3.06,27,17.1,11.3,1.4,14,43.9,72936400,892,145700
1269,3.21,15.6,3.3,34.6,0,8.9,47.9,86450200,1117,132700
1597,1.74,28.5,5.5,30.2,10.6,11.4,45.3,69064200,889,143500
1280,3.41,26.6,11.6,32.2,0,24,38.5,34506600,984,132200
2725,1.83,61.4,19.2,14.2,22.5,4.1,64.1,102060100,993,199500
2883,2.44,61,12.5,22,5.1,0.9,61.6,155994000,1629,233200
3057,2.02,48.1,8.9,24.4,17.5,5.7,65.6,165667600,1033,237000
1434,3.44,23.5,6.2,68.3,3.7,27.3,46.4,83616800,661,145600
3258,1.64,48.5,5.8,23.3,12.2,7.1,59.7,104184100,914,207700
3270,2.31,54.3,4.7,24.7,25.3,2.7,62.5,87792700,988,254800
3155,2.08,45.7,19.2,16.9,16.3,3.7,64.7,117356700,970,215600
2699,2.37,29.7,48.1,7.2,11.1,25.1,42.5,124200300,1122,164800
1605,4.04,28.1,16.7,54.1,18.7,35.9,36.3,65339800,1095,145000
2599,2.07,45.8,0,16.7,4.7,22.7,63.7,113989100,1095,123400
4539,2.17,52.1,17.6,0,49.6,13.4,51,66489200,1125,279700
2440,2.34,57.2,0.2,19.3,15.6,25.6,59.5,146501400,1001,140200
4728,1.5,44.9,0,6,27.6,7.3,66.1,186862900,940,266500
3652,2.55,53.7,8.2,36.2,9.9,7,56.6,145119100,1826,219800
4672,1.88,52.6,9.2,24.7,31.5,5.7,66.5,221142700,1094,243700
4511,2.54,54.4,8.6,13.6,16.3,11.5,61.9,116985400,933,216300
3481,3.56,60.8,15.9,60.7,0,26.5,68.8,51935200,791,17400
5615,2.21,60.3,0.5,27.9,19.8,11.1,53,85795200,783,260700
6174,3.28,51.6,40.4,22.2,10.4,20.9,60.5,100796100,928,242900
5106,2.03,46,3.3,23.3,7.8,11.5,66.2,79452900,852,287500
5120,2.88,57.7,18.5,15,6.8,6.3,61.3,134623800,937,187000
4794,3.28,52.3,18.4,13.9,24.2,7.9,54.4,143606300,1142,248500
5229,2.1,46.3,11,13.7,15.4,7.1,56.1,92382400,939,241400
10000,3.45,75.6,15.8,43.2,8.6,2.4,55.6,332549700,2000,1000000
10000,1.37,72.9,23.8,23.8,10.8,3.5,62.8,576205900,1320,767200
10000,1.54,67.3,34.3,16.3,30.2,0.4,60.3,331403400,1148,927300
10000,3.68,72.3,29.6,34,21.4,1.7,54.6,407263300,1340,972700
10000,2.77,70.7,12.5,38.1,30,3.2,55.6,452333400,1481,902900
10000,3.18,72.5,19.8,37.8,29.7,1.7,51.9,248826200,2000,1000000
10000,3.34,69.1,16.7,23.4,30.5,1.5,58.2,399690000,2000,772000
6660,1.99,54.3,17.7,53.8,10,4.4,57.7,138358100,1535,445500
6987,5.04,63.3,16,6.3,38.7,4.2,59.1,201695200,2000,386100
8576,2.16,60.9,18.3,25.4,25.4,5.3,56.9,269894100,1847,524800
10000,1.97,69.2,0,27.6,16.5,0.6,60.4,290464600,1669,656400
10000,2.5,63.1,15.5,25.1,16.7,3.7,45.6,353931100,2000,906800
10000,2.22,60,23.2,19.5,37.9,3.3,64.3,314321100,1038,751900
7119,3.5,65.2,8.5,35.9,11.1,0.3,62.3,143080800,2000,447100
8348,2.74,59.2,12.9,22.8,5.4,4.9,49.2,374939200,1795,481800
8153,1.96,63.3,8.7,22.4,30.6,0.2,54.2,245494300,2000,460700
5580,2.56,51,11.9,38.1,25.2,13.6,52,104399700,986,296800
8745,1.67,66.6,5.8,20.6,16.6,3.2,56.4,330778300,1167,475100
8518,2.84,60.3,14.2,27.8,25.2,6.7,57.8,291782600,2000,524600
9118,2.55,56.6,14.2,11.5,29.9,6.6,61.1,245043400,1254,545000
9105,1.87,64,29,11.8,23.5,4.5,50.8,382567700,2000,503100
9710,2.95,70.1,8.4,15.4,44.4,3,61.9,210610900,2000,600700
7843,2.71,67.4,12.9,14.9,50.6,4.4,65.8,252066400,1791,517000
10000,2.8,64.3,9,14.9,35.1,4.3,52.3,383179800,1971,663300
6677,2.08,54.8,27,0,36.2,3.8,60.1,187355000,1818,362500
10000,2.93,63.9,4.9,47.4,10.9,0.6,54.2,223168300,1630,730100
7290,4.15,57.2,15.6,45.7,6.7,3.3,54.9,213190200,2000,456900
6370,4.52,57.7,0,35.8,33.8,11.6,65,105405400,1144,380600
2663,2.77,55.2,24.9,0,9.9,13.2,60.2,123913900,1064,143300
8670,1.73,67.1,4.5,16.4,35.8,1.3,66.1,186887000,942,517700
8117,1.93,60.3,22.4,14.1,32.1,3.3,57.2,249293800,1187,485400
10000,1.6,56.4,0.5,37,42,8.7,52.3,344881100,1932,670200
5791,3.07,53.9,10.1,26.1,27.2,25.8,56.5,147915900,937,241300
3622,2.01,44.4,0,0,35,5.9,64,64391000,1297,185000
2812,2.17,47,0,17.1,36.1,16.2,68.6,165076900,1156,113800
4475,3.15,61.9,4,27.6,19.1,11.6,64.5,190176000,1156,186100
5429,4.22,55.3,13.6,24.2,14.8,3.5,70.6,169989700,1602,203300
4044,3.14,57.6,35.4,10.6,15.1,14,66.6,142159800,954,164300
5719,3.68,51.2,2.4,62.3,7.9,13.3,74.1,68026500,988,189800
6921,2.45,60.6,14.2,26.1,37.7,2.9,60.9,297763800,1408,296900
8269,3.45,69.3,8.8,28.1,0,2,54.5,51982700,1750,348500
3866,1.86,51.1,17.4,16.9,16,2.8,61.9,227245800,1230,228200
2283,3.24,45.1,14.6,43.6,11.2,19.3,66.9,141473500,982,94500
8158,1.24,61.1,0,49.6,20.9,1.6,59.1,64296000,1134,294900
6849,3.06,64.6,24.1,16,7.2,4.2,63.5,208327700,970,304800
7148,1.97,54.2,3.1,26.3,35.4,4.2,62.8,172516100,575,330700
7049,2.83,59.6,6.1,41.2,12.2,5.8,59.2,195031700,959,343900
5648,2.6,59.1,3.4,24.2,17.7,1.5,66.1,221850100,1293,269400
6366,1.64,53.4,13.4,21.1,16.8,7.8,67.6,107122100,785,268800
6571,1.66,66.6,0,18.5,73.6,5,66.8,244388400,1145,294000
8465,2.63,69.8,4.2,22.2,15,3.2,62.2,183351000,1114,397800
6545,2.98,63.6,14.3,22.6,23,2.9,69.9,226036700,1160,265500
6579,1.69,52,4.9,4.9,47.5,3.5,70.8,94390600,1100,273600
5116,2.08,60.7,16.4,42.7,24,4.7,62.1,192124000,950,208600
4202,2.58,51.2,11,24.7,12.5,6.2,74.7,102455700,981,221600
7863,2.05,60.1,6.3,27.2,29.4,4.8,64.1,188841100,878,332300
7421,2.48,64.3,0,32.5,24.5,3.6,62.5,92420800,1286,359400
6789,1.72,55.2,8.2,21.3,19.7,4.5,72.4,240869400,1159,335300
6865,2.47,64.7,25,23.9,10,2.6,65.9,151338300,1375,369300
6219,2.07,53.9,13.9,22.2,2.3,3.7,47.4,215145200,1039,286400
5757,1.78,47,15.2,4.2,30,6.1,63.7,245303800,1289,267100
7750,2.27,62,12.5,25.9,53.9,5.2,67.8,270555500,1213,368400
7416,1.75,60.1,23.7,42.3,9.3,4.6,56.5,258423200,1323,357900
10000,2.63,70,23.2,32.7,13.5,1.9,61.6,385534900,1515,497400
6423,1.87,50.5,0,32.3,19.5,5.3,66.8,158215600,989,292000
6900,2.75,61,17.3,22,25,13.1,64.3,265534800,1021,309200
1891,3.46,38,24.7,42.2,9.1,33.5,64.9,122413800,980,84700
6220,2.57,62.8,20.2,28.8,13.5,2.9,65.2,188740800,1446,281300
8048,2.6,48.1,24,9.6,12.9,5.5,63.9,375896900,1222,405500
6128,2.37,45.1,24.3,23.9,22.1,7.8,73.5,278437100,1145,275600
2954,3.7,48.9,31.3,34.7,5,15.3,66.5,165614600,990,134100
3952,3.1,36.5,18.5,27.4,16,21.1,77.8,70389900,1009,174100
5430,1.82,52,8.2,37,3.4,8.7,68,124882400,1146,264600
6260,2,54.2,25.9,16.8,35.1,4,67.3,247407600,1319,285500
6254,2.88,59.7,32.4,25.5,8.9,6.3,69.3,161935000,1440,267100
2980,2.13,47.9,13.9,39.1,19.1,7.4,60.8,129598500,1137,165700
4714,3.01,62,12.2,17.3,23.6,5,67.5,108423800,1494,213800
4468,1.74,52.5,8.6,35.4,6,4.1,59.6,133099600,1384,203000
6548,3.07,66.7,5.9,14.5,20.7,3,68,260093300,1773,285700
7873,4.15,70.2,4.7,27,34.6,2.3,71.8,194622800,1788,338900
7182,3.19,54.7,4.7,39.8,16.1,3.5,65.8,327801600,1404,305900
7930,1.88,45.1,3.8,33.3,41.4,7.7,78.4,149899200,1189,340400
9483,1.64,51.2,7.6,5,25.2,4.6,54.8,129289600,928,400900
10000,2.11,71,4.2,28.4,16.4,7.2,55.1,632950200,1564,756200
7282,2.86,66,21.8,15.7,34.7,2.9,62.7,475777000,1375,399400
4489,3.04,52.6,20.6,24.2,19.2,4.7,73.8,192714900,1345,180700
4109,4.04,49.9,18.8,35.5,7.1,5,65.6,129953500,1622,151800
3984,1.95,53.2,13.6,43.5,22.7,3.5,71.5,211264500,1401,180200
4656,3.59,50.9,21.9,50.3,8.7,7.3,65.2,63644900,1179,170600
5711,2.08,63,3.4,30.7,24.9,2.2,71.2,310498100,1159,206600
6313,2.7,66.9,12.6,55.8,7.4,6.2,62.2,295623100,1625,255100
5828,3.41,59.8,37.2,22,3.9,18.8,65.4,239122000,1080,217900
4770,2.64,57.9,27.2,22.6,10,8.1,65.9,113903000,1138,174100
4537,3.82,63.4,19.5,21,4.6,28.5,63,57324200,930,153600
4364,3.77,50.9,18.8,27.9,3.2,9.9,66.9,135038300,1173,154900
4814,2.31,48.9,26.2,30.6,3.6,5.8,71.7,109397800,1160,171200
7005,1.65,63.5,12.8,19.8,23.7,1.7,69.1,200096700,1935,273100
6854,2.58,64.7,6.9,40.1,2.3,4.2,66.9,476475500,1532,228300
3500,3.35,38.7,9.8,25.5,4.6,34.6,61.7,57647700,1141,134400
4744,4.38,54.2,21.7,39.5,17.8,10.8,67.2,123098100,1548,168000
4627,4.24,54.4,16.6,45.8,6.3,16.3,59.9,99776600,944,178100
5304,3.34,54.4,13,44.8,11.5,22.5,67.1,52117000,956,191900
5010,2.06,37.5,10.5,22,15.7,11.5,71.2,145762200,1138,195800
6797,2.96,57.6,5,29.2,27.5,1.6,67.8,281907400,1435,325600
5817,2.23,58.7,5.1,42.6,25.9,4.2,68.7,251192500,1146,277700
4002,2.44,42.9,5.7,16.2,21.1,6.2,68.4,143089700,1371,188000
7735,2.14,56.5,2.5,20.2,12.9,9.1,71.9,238013700,1432,390100
3333,1.8,44.4,8.5,39,0,5,73.2,101834100,1323,163500
5814,2.06,54.5,3.3,19.2,15,7.8,65.6,181864800,1231,268500
3485,2.12,46.1,7.4,47.2,11.5,10.8,69.3,191718500,1012,156900
3220,3.24,58.1,4.8,22.8,2.5,12.6,69,126202700,1123,136600
6207,3.56,62.8,7.1,19.5,26,3.8,60.5,79020800,1125,274400
4571,1.92,45.8,39.8,24.4,12.2,6.1,60.4,160672200,1042,188000
5098,4.01,55,2.7,25.3,19.2,2.5,63.7,138448000,1766,228700
3883,2.8,55.1,8.9,13.7,33.6,11,67.5,202641200,1196,199000
6180,3.83,61.4,12.3,13.8,26.8,4.4,70.9,208781400,1397,297900
4667,1.83,39.1,0,22.6,39.7,7,75.8,168613600,1166,195700
5366,2.8,57,14.3,17.6,10,1.2,73.6,117604000,1579,243300
2175,4.38,44,9.1,32.2,10.7,5.1,69.4,62179200,872,109000
6093,3.95,64.1,2.7,28.5,18.1,5.8,68.6,169045300,871,275300
6705,2.43,59,7.7,22.5,45,5.8,68.2,196616500,1158,308100
4769,2.25,55.3,7.1,30.4,12.6,11.8,67.9,198739600,1325,184300
5271,3.75,55.8,12.1,22.3,23.2,4,64.1,218899000,1362,214000
4654,3.05,47.6,7.4,43.3,5.2,10.8,69.2,79650600,1283,192900
4699,3.11,48.7,6.1,34.2,3.9,6.3,62.4,127188200,1386,222000
5865,2.1,64.6,4.2,30.2,17.2,4.2,60.4,79989000,1750,275200
5926,1.81,64.7,6.1,24.6,18.6,0.6,68.3,165927900,1338,278600
6382,2.54,50.7,14,24.3,18.8,7.9,59.2,208243200,981,293800
5959,2.52,57.6,7.5,29.4,11.3,4.5,66.2,265797800,1114,295900
5826,2.28,67.5,10.1,25.3,33.6,1,64.3,182970300,1002,272700
6793,2.11,62.4,12.1,16,30.1,2,65,216603300,1089,350200
3323,2.28,47,16,18,17.8,11.7,63.6,175514300,925,163400
2880,2.99,48.5,19.1,27.6,35.8,20.7,66,157996300,1162,158400
4455,2.02,63.6,0,11,68.3,10,64.2,103476700,973,200800
2448,2.49,42.7,14.2,17.7,11.4,10.8,72.3,179199700,985,131800
5807,3.01,57.4,11.7,42.1,16.9,5.1,70,186007300,1031,267700
7793,1.6,62.3,8.1,23.3,15.4,4.2,54.9,146956100,468,336800
5116,1.87,51,8.7,33.3,14.3,2.5,53.1,161051200,1714,238800
5446,2.94,52.6,40.1,14.1,8,10.3,66.1,174498500,953,189900
5462,1.59,58.4,3.8,37.6,30.1,4.8,59.8,78576200,1099,253300
6591,1.97,54.4,17.2,0,20.7,2.7,57.6,118440000,2000,349200
6212,2.21,59.8,0,31.6,29.5,7.5,67.4,144234200,1174,358500
6219,2.52,65.3,4.8,17.9,13.8,10.4,51,82341000,874,312300
5922,2.74,52.1,0,30.4,21.2,5.4,51.1,114564500,991,283800
5897,2.43,54.2,0,28.2,36.5,5.1,56.1,123507600,1367,262900
8431,2.15,48.1,8.2,8.8,23.5,5.8,61.4,161151400,1414,395300
10000,1.75,56.9,14,31.3,20.2,2.4,55.6,200954000,806,515200
10000,2.16,64.7,16.2,24.6,28.3,3.7,62.2,241077300,1600,479100
8183,2.26,58,34.7,11,15.2,3.2,61.8,254265100,1263,371900
7231,2.45,59.9,0,35,47.5,4,59.6,78581200,1829,380900
6918,3.41,61,6.1,0.8,44.7,6.7,54.9,122393400,1643,349700
7295,2.08,58.6,4.9,26.4,16.1,3.4,64.9,204960400,1275,347300
5282,2.39,50.8,21.1,23.8,23.5,6.4,62.4,156082300,1458,254600
8207,3.49,66.7,9,9,16.4,9.3,55.7,210385000,1001,367300
2879,2.28,46.1,4.3,10.9,17.4,15.6,62.6,147905400,933,126200
2939,2.87,55.3,2.5,19.3,22.5,9.8,65.6,170179800,984,140900
3560,2.23,55.8,46.8,16.4,12.8,6.9,54.8,170484900,1144,161000
4336,2.87,48.9,15.1,16.8,26.2,11.2,53.5,171851400,955,199200
5550,2.89,51.6,10.3,26.8,28.4,4.8,66.7,132281500,866,237900
6104,2.74,56.1,11.5,24.4,4.5,8.7,61.1,173097500,952,268500
3746,2.69,45.2,2.1,30.2,28.7,24.6,55.3,89332700,910,233000
4221,2.2,40.7,8,0,21.4,3.9,69.2,160894500,1065,202800
3632,1.52,41.7,2.6,0,23.4,10,53.6,184192100,966,195600
4889,2.09,55,15.8,41.2,11,4,66.7,154150200,1237,233100
5824,4.87,53.8,23,23.8,10.1,14.6,65.3,78088500,1268,262700
4279,3.26,56.4,17.8,37.1,11.4,12,57.6,46573300,931,189500
4551,2.86,55.4,25.2,47.7,10.9,8.7,64.3,101519400,1072,210300
5419,3.14,61,7.2,27.1,19.1,7,65.2,98022500,869,235300
8000,2.3,60.1,0,14.1,28.2,3.3,63.8,236478000,1261,363000
5589,2.5,42.5,3.8,26.3,12.1,12.7,49.2,103653600,1232,282500
7464,3.07,53.4,9.3,29.1,35.2,3.3,60.8,118724400,1161,372600
4659,1.9,53,10.3,20.5,34.6,9,52,146206700,898,220200
5004,2.61,51.4,26.8,14.9,10.8,22.8,53.7,123666100,1079,213700
7372,2.52,68.2,1.1,11.6,21.7,4.7,62.4,192093500,1292,379300
6667,3.32,55.7,6,23.8,18.9,6.2,67.1,190987700,1285,286200
6640,2.48,55.3,12.2,24,20.8,16.1,55.9,194292400,999,264000
6320,3.45,46.3,12,25.4,21,15.2,56.3,152201500,1162,272600
6959,1.96,53.8,5.9,22.6,32.6,5.8,63.6,108898700,1060,263000
6032,3.9,60.4,5.2,21.1,22.6,10.3,54.1,151290100,1350,262200
5116,2.88,48.9,14.7,29.3,27.5,22.5,56.8,162856800,1092,267200
6814,3.65,51.6,24.7,17.1,0,3.4,56.1,85701800,2000,315900
9637,3.95,61.2,11.7,26.4,17.9,6.2,60.3,187410600,2000,433200
7496,4.41,62.9,10.5,8.5,9.9,2.4,52.6,142935900,2000,355300
6705,2.66,61.3,23.6,25,12.5,6,56.6,188099600,1366,333400
3888,1.49,38,4.7,36.9,12.8,8.3,39.3,104155300,1113,231800
4730,3.33,53.5,7.9,27.2,20.7,14.3,55.1,146591000,1093,254300
5962,2.64,58.6,8.1,16.2,27.7,9.4,59.7,204827000,982,280100
6732,2.21,56.7,5.9,1.1,35.5,6,54,124609900,928,265200
6440,3.7,62.3,26.5,19.5,4,7.9,56.7,131933300,1371,295700
6609,3.85,57.3,4.7,17.3,24.3,5.2,56,126560200,2000,310400
10000,2.11,61.5,18.1,14.2,15.5,1.9,47.9,138634800,1219,608400
3510,2.74,4.8,0.1,29.4,3.5,40,38.8,34896600,1707,202700
10000,2.07,51.8,3.3,51.9,10.7,6.4,60.9,215598200,1237,591900
10000,1.95,59.2,6.9,27.7,50.8,5.6,62.1,233499900,1096,450300
10000,1.54,65.3,12.3,7.5,34.2,0.5,62.1,288773500,2000,613000
9640,1.73,59,0,61,39,3.8,60.2,235709200,1256,510500
4762,2.86,37.5,22.9,18.8,20.9,17.7,58.4,100658500,1086,208200
9000,2.32,24.8,0.3,12.6,14.7,50.3,43.8,102178600,1262,460000
8719,1.53,35.1,1.7,15.2,50,25.1,45.3,259972000,1515,443000
5535,1.89,37,4.7,12.6,46.5,16.9,65.2,149065400,1353,281500
5665,3.23,39.5,4.4,14.7,15.4,16.6,53.4,109318000,1329,309600
6233,2.85,53.2,23.7,21.5,1.9,5.4,66.6,127920700,1157,316600
10000,1.68,45.1,14.9,4.5,17.2,10.1,53.3,116775200,981,491800
7327,1.95,58.9,9.1,12.9,47,6.4,75.6,228941000,1470,389700
5284,1.68,42.9,0,6.2,77.3,13.7,73.4,246039500,1141,255500
6237,2.21,49.8,0.4,37.4,11.7,10.6,71.2,187760100,1119,329600
3909,2.66,40.4,13.7,12.7,23,14.5,69.4,167697800,1128,173500
5730,2.2,45.5,12.8,19.5,27.4,8.1,61.3,104881200,968,257100
6715,2.1,47.9,26.1,26.1,9.8,4.4,64,111652500,1195,333500
6879,2.48,59.6,9.6,15.3,35.9,6.7,59.2,201141900,1139,354500
5189,2.71,48.4,8.5,12.2,9.5,10.3,56.4,140696100,1454,257900
4673,2.48,45,4.1,23.6,1.9,12.2,48.8,105647200,878,236200
5594,2.22,49,7,33.3,15.1,12.5,58.7,110507700,971,263900
4746,2.5,43.2,16,22.3,1.6,12.1,55.8,106778500,957,206700
3923,1.87,44.2,7,42.3,10.1,6.6,58.6,100543800,870,172300
4807,2.71,50.7,9.5,34.8,9.3,5.9,60,132269800,955,217100
5027,2.31,43.2,11.6,16.5,30.8,7.7,63.8,157651800,943,198400
5938,2.04,56.5,0,18.7,9.7,8,55.9,152524800,952,260100
4407,2.07,45.6,18.5,31.4,5.4,14.1,62.4,140046400,873,187100
4930,2.7,52.2,25.2,28.6,4.5,13.9,60.8,127082500,977,193400
5212,2.38,51.2,23.9,30.7,3.6,8.7,60.9,106358500,750,171900
4421,3.12,45.1,24.3,10.2,17.9,20,61.1,60763000,840,172500
5754,2.14,44.7,8.5,22.6,15.1,10.2,61.8,114875600,813,183500
5593,2.24,45.9,16.9,30.5,7.8,10.8,70.3,107004500,944,175000
5799,2.76,54.1,17.7,29.6,12.2,7.8,64.2,145261700,933,179500
5034,2.43,50.6,37.4,23.2,9.3,13,62.2,127771500,840,196700
4825,3.46,46.6,26.1,37.6,4.2,15.8,58.5,60433500,709,167900
4913,2.15,48,22.2,24.6,6.4,10.2,65.6,99831700,808,171000
5214,1.87,44.3,11,26.7,13.6,10.2,59.3,115687700,1750,167400
10000,2.98,54.9,7.1,19.9,9.6,5.8,56.2,338837600,1369,639800
10000,2.01,64.3,4.5,23.4,44.2,2.7,60.9,361678200,1193,527500
7966,2.59,55.9,8.1,9.8,26,12.7,68.3,162990000,1170,335500
10000,2.12,62.8,25.5,18.5,26.3,4.6,61.3,290520200,912,604000
4031,1.66,38.6,0,9,28.6,10.2,69.8,178009100,1433,176900
10000,2.28,58,0,9.1,50,6.8,61.3,149530900,1143,475700
10000,2.35,67.7,10,15.3,43.7,2,69.1,281401300,1386,608200
9525,1.83,45.1,8.1,10.3,40.8,12.6,63.6,125805700,896,440000
8293,1.84,35.3,15.1,21.8,15.1,13.4,68.4,131558500,989,340000
5742,1.57,44.4,1.9,12.7,48.1,8,71,184419900,1125,221300
4870,1.5,42.7,0,0,63.3,14.9,61.3,111141600,837,201000
7135,1.56,43.4,22.2,0,20,11.3,69,125140200,967,260700
9989,2.1,55.4,8.4,27.3,38.6,9.3,70.4,205561000,1163,381300
8564,2.08,50.4,6.2,12.3,18.9,9.9,69.3,137928400,1028,360700
7055,2.32,49.9,14.9,27.9,14,6.7,63.4,156673700,956,287000
8937,2.57,50.4,0,16.8,34.5,4.3,69,199735700,1077,350400
3585,3.39,51,17.1,47,0,22.5,58.4,38645800,751,150400
4116,3.62,38.5,16.1,34.8,0,26.7,60.8,50079800,880,122800
3981,3.93,51.5,21.5,46.1,8.2,25.7,64.5,92765000,889,131500
4613,3.42,46.3,12.5,40.3,0,16.1,59.9,129966700,874,144900
4211,3.78,43.5,18.1,37.7,7.5,29.5,60.2,61823000,875,123100
3701,3.62,43.7,17.9,37.5,0,24.8,63.2,42562300,880,120400
4776,4.23,44.2,30.7,37.2,7,22.6,53.3,50847000,917,152200
4129,3.62,32.2,23.1,39.5,2.6,16.5,54.9,37469300,875,155800
3954,3.39,41.4,11,44.6,6.3,18.9,58.9,70102600,730,161100
4105,4.14,43,17.3,35.4,3.5,25.8,58.5,76955300,853,114000
4211,3.65,48.3,5,44.5,13,15.5,55,82658200,879,123600
3427,3.12,50.1,22.6,42.7,9.7,23.9,59.3,53504400,773,117800
4257,3.41,40.6,16.9,34.3,2.1,28.7,54.3,90985400,798,143200
3992,3.52,46.6,18.6,27.9,4.2,27.5,61.7,57670300,848,133900
4220,3.46,50.5,13.6,22.8,10.1,17.7,54.2,114285400,927,118500
4465,3.16,43.3,20.3,36.1,12.9,9.7,53,94404800,1032,147600
4342,3.44,40.7,24.9,33.5,7.6,15.1,58.8,107146000,904,171400
4567,3.39,50,18.7,33.9,6.3,15.6,59.7,104651600,1006,170300
5233,2.33,38.4,2,30.2,4.7,9.7,61.3,133546900,892,190300
5648,2.63,33.6,32.1,25.4,3.1,22,56.9,121427300,912,181800
4620,3.61,44.7,35.4,26.9,1.6,20.2,59.1,71233000,937,159500
4688,3.66,48.8,17.1,8.6,4.9,14.4,59.2,84199800,889,165800
4390,2.8,44.2,8.8,44.5,6.4,17.3,58.1,126001300,872,164600
4360,2.6,49.9,30.6,16,9.1,13.7,64,91494000,950,165600
5513,2.22,44,38.4,0,19.2,12.9,63.2,170681900,853,216900
4682,3.35,51.6,10,33.4,0,13.8,61.5,186177700,1097,182200
4115,2.58,37.7,12.2,15.3,27.1,11.6,54.2,125597900,876,220300
9390,2,63,19.8,13.7,13.2,1.8,61.7,190930200,942,384300
8065,2.13,52.7,17.7,20.3,17.3,5.6,61.9,249156600,880,329900
7091,1.63,48.6,5.3,19.5,8,2.2,49.8,52351400,1111,291200
3645,1.5,34.2,28.6,25.3,18.9,10.6,68.3,188889900,904,171400
6634,1.87,39.1,20.1,5.2,23.5,5.6,70.3,117679300,1035,290400
5045,2.17,40.6,2.1,15.3,19.9,10,62.4,234375900,927,223500
4561,1.96,54,3.6,21.4,5.3,15.3,47.8,90567200,897,226800
3587,3.2,45.2,19.7,29.9,1.5,11.5,67.2,103176200,941,161200
4179,3.99,43.1,12.8,39.1,10.4,12.5,61.1,72645400,894,181400
5160,4.12,45.8,17.5,41.5,9.5,18.1,64.4,67891400,913,242200
3905,3.1,39.2,31,35.6,1.8,18.9,64.9,71228400,761,100200
4536,3.33,47,22.9,39.5,3.5,22.9,57.4,61018900,944,141100
4348,3.46,49.9,18.6,29,6.8,14.8,69,44560500,825,162900
4773,2.54,45.2,24.3,10.4,7,6,60.4,139555500,1041,169000
4298,2.93,41.9,6.1,35.8,0,13.9,62.8,109950300,1228,126200
4420,2.38,32.4,9,42,13.8,13.1,53.3,98920600,979,117700
4144,2.12,31.2,17.8,40,3.5,15.9,56.6,90644600,951,130100
4240,3.56,35.3,18.2,27.1,11.9,6.4,59,62688800,974,142000
4050,2.87,24,9.9,32.3,6.2,26.8,46.9,72600000,908,145300
4188,2.82,25.7,17,51.6,3.1,33.1,48.7,29732300,970,132500
4729,3.49,45.9,24.4,36.7,5.8,11.7,62.2,74677800,929,162000
3987,2.47,41.5,18.4,60.3,4.7,24.9,52.7,61824300,719,150300
4393,2.31,30.2,9.4,41,6.4,21.3,45.9,67351400,888,132200
3672,3.56,42.6,6.5,42,2.2,16,45.4,137357400,1341,132200
3943,1.9,39.2,0,25.2,22.9,11,51.3,141163200,824,154700
4235,2.09,34.5,8.7,23.9,9.5,8.7,58.3,111197900,919,182400
4224,3.15,56.6,8.1,16.9,19.4,4.2,56,66718600,950,226800
3624,2.19,54.8,7.7,30.4,22,10.7,65.2,133462500,1161,185800
3876,2.62,46.8,24.2,28.4,0,17.3,57,132260300,857,165500
4065,2.4,43.9,4.3,9.9,13.7,6.8,59,100261000,927,196000
4339,1.94,53.7,16.8,17.5,35,4.7,58.8,98862400,1141,218400
5402,3.05,54.9,9.6,7.9,0.4,4.8,49.4,219043300,1936,253500
6062,2.44,50.1,5.2,7,18,9.2,61.3,163240700,933,282400
6107,2.33,52.7,9.3,16.9,22.9,9.8,68.5,157833800,1038,241700
5639,2.34,47.6,10,33.1,6.8,12.8,60.7,155424100,965,238000
5502,2.16,49.1,8.7,31.3,13.9,7.9,58.6,137894500,1045,285600
9072,1.43,61.3,9.3,38.2,33.3,2.9,58.9,249235400,2000,475300
4128,2.27,40.5,14.8,39.4,16.7,8.3,60.7,104082300,914,168000
4275,2.87,44.7,5.9,33.9,2.9,16,60.5,124036200,1079,165400
4925,1.96,44.3,7.7,34.5,12.7,8.5,62.7,89587100,856,209200
5403,2.24,53.1,25.1,13.1,3.9,8.5,70.5,164522500,974,242000
4566,2.02,41.5,0.8,24.6,18.5,14.4,56.4,93884600,1018,236800
9530,3.36,67.5,7.2,24.3,9.9,2.7,66.5,201812500,1587,434400
10000,3.19,68,2.6,41.4,21.6,5.4,64.6,340492200,1810,549600
9798,2.52,69.7,26.6,26.6,9.9,1.1,62.9,354840500,1653,565800
8242,2.35,72.2,5.1,25,25.8,2.6,63.8,206289900,2000,490200
10000,3.48,72.9,22.8,9.9,32.7,6.4,56.9,168924300,1897,896700
6250,1.93,51.2,0,31.4,27.3,2.7,47.7,368765000,1594,340400
6229,2.94,45.3,28.8,35.6,12.1,9.2,54.3,109903300,998,291200
5572,2.4,42.8,15.9,38.5,7.8,18.1,57,120313300,959,268500
6097,1.83,54.7,4.9,51,12.9,8.4,60.6,387153300,1375,356800
4662,3.11,46.9,35.7,28.2,10.8,10.3,55.9,79835800,851,129000
5490,3.1,49,13.8,31.6,2.3,16.2,62.2,80686500,838,169100
4341,3.46,41.8,15.7,52.1,0,19.6,51.6,90979800,873,155500
4831,2.47,57.2,0,26.4,21.1,15.5,64.4,149961900,823,179600
4679,2.16,48.4,15.6,26.4,10.8,12.8,51.4,121187300,898,179800
5324,3.36,44.7,27.6,27,6,13.6,64,108236700,999,164000
4280,3.14,46,6.3,51.8,6.3,17.4,61.4,71636200,880,145200
5428,2.67,25.5,3.6,30.9,13.9,23.8,60,85888600,895,185200
5560,2.07,58.5,4.2,63,0,10,65.5,109228600,1031,208000
4557,1.76,46.4,46.3,34.4,4.4,9.7,59.7,147669500,798,162000
3814,3.41,47.5,11.6,36.1,6.8,8.2,63.8,84214600,872,182500
3860,3.06,51.9,17.4,38.5,19.9,11.4,56.2,97667200,975,170900
3690,3.81,54.6,3.4,38.4,11.3,11.5,57.1,87209600,1128,165900
4129,3.28,53.4,14.9,26.1,18,12.4,58.5,107147900,938,193200
4373,3.7,47.5,5.6,40.7,6.6,16,53.4,118230000,1127,186100
4468,3.64,55.7,7.3,28.6,7,8.4,58.7,108873500,946,199900
4404,3.39,53.2,31.9,20.1,5,16.3,56.6,78498700,1057,186900
3543,1.95,36.2,15,42.6,5.9,19.1,54.6,109278000,763,123900
2803,2.45,33.8,22.3,22.9,4.7,20,59.8,93170900,821,112000
3178,2.21,31.8,5.3,45.3,0,19,47.2,72997700,933,117800
2701,2.36,29.7,6.3,36,10.3,15.2,50.6,83518200,889,107200
2000,3.48,16.7,29,37.9,0,32.9,44.5,26839800,1180,75300
4260,2.52,40.7,5.3,35.4,14.9,10.2,61,121900900,967,183600
5172,2.11,53.6,17.5,9.8,23.2,8.4,55.5,150342700,918,209000
4820,1.85,43.3,7.8,15.1,23.7,5,64,173493100,901,187500
4564,2.8,46,14.8,31.9,9,9.6,58.7,132161100,762,174400
2529,1.86,40.1,13.4,29,10.9,5.4,59.3,101025500,467,119600
4547,1.89,46.2,23.8,22.2,11,8.7,61.4,111623300,872,184200
5313,2.06,42.2,0,13.1,34.6,9.4,55.3,132194900,873,173800
4363,2.56,62,7.1,34.4,8,9.7,59.6,107619400,1163,191200
4565,3.54,59.5,21.7,29.5,6.4,4.9,53.4,89345500,1168,188300
4103,2.68,45,0,39.6,7.1,14.5,51,101966100,1086,180500
3815,3.86,55.8,7.5,61.2,5.7,32.8,57.9,121992900,1017,160900
4752,2.08,43.8,20.6,19,17.9,2.8,61.7,151867700,920,211200
4952,2.78,55,9,38.9,21.8,11.1,55.9,136279000,1017,196400
5029,2.49,46.1,3.7,38,4.1,10.8,52,220057900,1090,199900
3168,1.91,46.4,7.5,43.7,13.6,10.8,53.5,100982300,1002,154400
4639,1.67,42.9,1.2,26.5,15.1,11.7,56.1,92028000,864,196300
3260,1.84,45,12.4,19.1,18.5,10.1,60.2,100680700,886,139300
4936,2.48,46.5,9.6,3.1,21.5,2.8,57.4,109889000,1132,213900
4108,2.96,43.6,46.6,16.3,8.1,13,55.4,37319700,967,167500
2866,2.15,39.5,3.4,32.4,8.6,16.9,56.8,124963200,855,120300
4229,2.45,42.6,6,22.7,19.8,10.6,67.7,141271400,908,183500
4793,2.39,48.1,14.5,14.5,6.9,12.9,62.9,103015200,929,161200
5234,2.82,43.2,9,26.8,20.8,15.9,59,78743900,898,173900
4522,3.25,44.5,5.1,27.2,6.7,8.1,57.9,126049900,962,178700
3920,2.31,38.1,15.3,24.1,14.6,12,62,144101100,923,162900
3659,2.49,41.9,14.5,17.1,10.4,11,54.1,89579600,957,159400
3268,2.53,42,12.1,9.7,12.5,14.7,60.2,116569200,873,136400
3618,2.82,39.2,26.2,13.1,2.4,24.2,58.1,93340000,812,117100
4002,2.78,46,7.4,31.8,10.1,16.1,59.9,98436600,947,147000
3623,2.1,47.2,6.5,29.1,15.7,5.7,55.1,182888600,848,173700
1848,3.65,40.2,19.6,24.2,1.5,37.7,46.7,26739100,950,80000
6314,3.62,59.4,3.4,5.1,41.4,5.3,54.3,141753500,1806,290600
5647,2.07,49.5,7.1,21.6,3.3,7.3,53,140533900,897,277000
6090,2.19,41.2,5,18.7,10.9,14.5,60.3,168345400,964,243600
4299,2.67,45.6,14.7,14.1,20.2,24.1,57.3,144384200,981,150800
5727,4.67,57.5,7.3,19.3,33.3,8.8,62.8,122369500,1806,230000
5531,3.09,53.2,12.3,60,0,24.6,50.4,108735700,954,234900
6716,1.44,58.4,8.4,19.8,25.2,7.6,48.6,242139100,1853,376900
4656,2.58,49.7,10.3,21.5,4.9,11.6,54.8,201513300,1383,208700
2694,3.13,46.1,0,24.5,16.5,12.8,59.2,94682400,1392,140300
3899,1.77,35.8,28.3,15.2,16.7,10.7,57.2,88514100,807,140600
6672,1.86,58.6,9.5,18.2,0,0.9,52.4,155301600,2000,335300
5172,2.25,60.2,17.2,30.7,12,1.6,47.4,155347800,1707,260600
5641,1.92,60.4,10.3,13.9,19.8,1.7,64.4,223296000,1035,336000
6709,1.64,54.4,8.7,18.2,37.8,7.4,54.4,229842200,608,356900
6160,3.1,59.2,3.4,25.1,10.8,4.4,64,187392500,1148,322900
7930,2.54,66.9,7.4,33.8,10.1,3.7,63.6,165846400,1296,444000
5714,1.55,60.5,15.1,22.8,21.5,5.6,65.3,234322100,1031,266000
5761,2.48,55.5,20.8,27.8,12.1,3.6,66,267695900,967,267500
5799,2.01,53.2,10.6,26.4,24.2,5.6,55.1,264758500,2000,264000
5237,2.27,52.8,16.6,25.2,11.8,10,64.7,205032300,1061,214600
6846,3.18,60,15,9.6,13.8,5,61.1,234036100,1375,348600
4362,2.53,45.6,2.8,44.9,26,7.1,56.9,115576500,1063,207500
4433,3.24,42.4,1.5,22.8,33.4,9.6,62,135262900,990,212300
6292,2.58,62.6,9.2,22,31.8,7,52.6,321721400,1675,297000
5241,4.23,53.9,6.2,34.1,16.7,4.8,64.4,115463400,1342,201700
6216,2.39,54.9,3,14,32.7,10.4,64.4,204258000,1193,247400
4980,2.45,55.3,1.8,31.4,15.3,3.8,66.9,239490400,1034,203900
1764,2.15,19.2,10.3,34.7,0,32.8,40.2,73181500,743,82700
2914,2.19,28.1,21.6,27.8,0,21.2,43.5,47982700,840,174500
4218,1.49,50.5,10.6,5.9,21.8,4.1,57.7,275638700,875,197100
5415,2.61,55.6,20.6,24.7,6.5,6.5,62.5,203524100,985,198900
4948,1.83,55.4,2.9,36,23.5,2.8,64.9,274018100,1057,202000
5613,1.89,52,27.5,23.3,11,12.5,58.1,130515400,1041,198600
4619,2.66,49.6,6.6,47.2,7.3,2.7,62.3,132768400,996,188800
4397,2.07,48.6,2.7,43.8,12.3,8.7,60.8,199423200,959,169800
4267,2.28,46.8,20,37.9,2.5,4.3,63.6,91981700,891,157100
3107,2.99,46.7,7.8,52,1.3,21.2,59.4,121332100,943,147900
2899,3.68,40.9,22.5,35.2,0,20,49,107731300,1022,109600
3507,1.79,40,1.5,35.7,0,17.5,41.1,53818800,769,121100
4687,1.69,44.1,16,42.2,12,9.8,65.3,133557900,731,168100
4368,2.72,49.9,6.4,12.4,5.9,8.1,59.3,46075700,1457,156900
6305,2.26,52.5,6.2,38.9,25.3,7.7,62.3,177790000,1004,227400
5269,2.73,41.8,38.5,10.3,26.6,18.2,63.3,108056400,1016,193900
5224,1.95,47,24.9,46.5,4.3,5,66.8,142164100,948,216900
5812,2,48.8,19,8.6,23,8.4,67.2,161367900,976,195500
3281,2.46,36.6,15.1,27.4,7,19,48.2,118417200,1632,113300
4172,3.67,37.2,12,8.6,27.9,20.1,54.5,164851600,1396,144500
3508,3.09,34,21.3,39.9,0,10.5,46.6,80907600,1054,142600
4877,3.14,41.6,9.2,33.6,7.2,21.4,50,115584200,1262,144700
2490,3.16,32,15.6,25.8,1.6,29.9,45.5,87980900,1083,102700
2855,2.72,25.4,24.2,22.7,0.6,26.4,40.8,67580500,933,111800
4427,2.96,18.2,4.9,16,3.7,35.9,43.5,58482000,934,59200
3998,2.43,37.6,30.7,14.5,0,12.5,57.6,124231700,976,129200
4373,2,32.4,25.5,21,5.8,20.2,60,128507100,869,124800
3090,2.67,30.6,33.4,27.3,2.5,27.8,52.6,52351800,909,97300
2948,3.06,25.5,14.2,51.3,0,36.6,53.9,46005700,867,84900
3770,3.56,33.8,19.6,30.3,11.3,18.2,55.8,131477400,1017,107700
1999,1.53,26.5,3.4,27.5,5.1,17.4,36.5,79462400,715,87500
2994,3.17,36.7,8.1,39.4,9.6,18.5,57,101245800,1297,91200
3456,2.97,39.1,19.9,24.4,3.9,11.2,58.9,90985600,1061,108000
3979,3.78,41.1,17.2,16.2,15.8,17.4,54,106129500,1336,122300
3397,2.18,29.5,12.1,20.7,0,30.7,54.8,59135900,963,113200
3391,3.52,29.8,18.7,56.3,6.2,21.5,54.7,78540400,1168,98700
3549,3.32,32.4,8.6,34.2,9,14.9,52.5,110748900,1241,96400
3105,4.11,29.8,21.3,32.2,3.3,33.5,41.1,104883200,1282,93800
2949,2.64,21.9,11.5,26.7,7.5,23.8,53.8,105472800,892,87600
3405,2.17,25.6,28.6,32.1,9.1,24.2,53,92998800,781,90800
2326,2.71,37.1,38.2,36.8,3.5,34.3,52.5,61950300,851,57500
2608,1.96,27.5,36.6,42.4,0,40.5,36.2,20956000,696,114900
2000,1.57,24,31.3,41.8,0,26.5,33.4,12552900,655,80200
2029,2.65,21.3,3.2,46.5,6.6,32.3,42.2,45471500,855,79000
1769,2.34,20.9,40.8,32.1,2.1,31.4,43.4,31535400,801,76800
2216,2.82,31.3,28.7,34.4,2.1,29.6,50.9,72283200,894,75900
1791,2.46,20,32.4,39.2,3.2,38.2,39,39610400,716,78600
2388,2.69,21.1,12.5,47.8,0,39.2,35.1,67316200,974,84700
2708,2.87,32.3,26.2,49.3,4,35.5,41.1,60779500,928,92600
2827,2.75,16.4,52.4,34.3,0,41.6,37.4,46015000,1523,92900
2608,3.5,31.9,21.9,39.8,7.1,33.9,47.3,42359800,1273,70600
4185,2.67,46.5,15.5,39.7,10.6,12.3,48.3,115427300,2000,144600
4611,3.27,38.9,6.6,45.9,15.1,9.2,52.5,87569300,2000,152400
4786,3.99,41.3,17.1,17.4,9.9,5.4,58.2,90939000,1438,163200
6048,3.81,45.6,0,22.2,28.3,5.2,55.4,76561000,2000,203100
2918,1.92,44.4,9.3,47.5,0,14.2,57.8,99044400,997,106900
3671,2.03,38.7,21.5,17,10.7,14.3,58.9,121527700,1016,134000
3636,2.77,41.5,0,34.6,26.5,11.4,58.6,115597700,1147,122600
4049,2.38,47.9,30.9,30.9,7.6,11.3,62.2,110870800,933,124500
4917,1.73,41.9,6.6,34.3,7.5,13,57.3,127201100,803,158200
3268,1.69,43.7,7.5,17.2,1.1,12.8,52.5,84030400,720,114600
4934,2.64,48.3,14.3,14.7,16.8,8.7,63.9,110373100,1124,165700
3798,2.04,36.6,18.8,29.9,21.4,12.2,51.1,107183100,919,126300
2415,3.91,35.6,21.8,58.9,10,14,46.3,87189600,1010,68800
2534,3.65,30.5,14.4,46.5,0,30.2,49.3,84812100,1177,88700
4559,2.55,49.5,8.6,33.7,9.1,13.2,54.7,164163400,982,155300
4813,3.22,40,16.5,34.7,14.4,24.5,54.3,173916700,995,116800
4633,2.71,51.1,11.7,31.7,21.4,6.9,65.7,132417600,1416,162500
5392,3.34,45,28,25.2,11,7.2,55.2,139325200,1220,181600
4776,1.45,45.7,7.2,36.1,5.6,11.5,58.3,100712500,895,139200
3575,3.19,45.2,6.9,31.2,2.9,14.2,43.1,100921700,977,129500
5464,3.7,46.1,7.1,32.3,22.9,9.3,58.4,172885700,1568,162300
4008,3.28,44.4,19,33.6,7.6,16.8,56.1,88545600,1029,126500
3363,2.28,38.8,24,44.7,1.6,34.8,54.9,59423200,783,98000
720,3.22,4.7,2.5,91.1,0,63.8,33.7,17969700,775,39300
1333,3.01,37,39.9,23.3,2,42.4,51.7,48196100,722,84400
3487,2.87,36.5,19.9,62.5,2.4,23.4,57.3,127411000,902,102800
4307,2.62,49.7,2.8,71.2,4.8,11,49.6,98748800,1238,140100
3292,2.92,37.8,14.6,22.9,0,34.5,34.9,49760700,880,109300
1345,3.76,17.9,8.8,53,4.8,49.9,34.3,16104400,1099,68400
696,2.33,33,0,31.8,0,21.2,57.3,67070400,741,20800
2788,2.81,44.6,19.5,30.8,3.5,19.2,47.5,62354300,723,100100
2676,1.84,55.2,17.9,37.2,11,13.1,56.6,66094800,822,97700
2627,2.35,37,22,40.3,2.9,34.3,41,75886200,820,119200
7250,2.09,50.9,14.3,8.9,34.4,3.3,61.7,312928900,1220,216200
5319,2.72,44.5,33.2,29.6,5.4,10.2,56.9,274461500,1623,171600
5288,3.3,41.9,9.1,21.3,11.3,6.4,57.5,207632000,1432,173000
1408,1.78,37,0,76.9,0,13.6,46.1,52023400,795,34500
5445,4.68,52.1,3,42.8,14.4,15.4,61.4,216552700,1327,169400
6222,2.02,49.8,15.7,12.1,17.1,8.6,55.9,204001700,1071,213800
7313,1.31,57.3,10.7,44.6,20.7,3.5,50.6,197508300,2000,231100
3823,1.82,47.2,0,31.7,1.6,9.1,57.3,61078000,1009,120500
3599,2.3,30.5,21.5,30.2,10.5,19.9,52,99335700,893,129200
5496,3.81,44.4,7.8,23,6.4,5.3,58.7,122645700,2000,166800
4681,3.99,34.9,25.8,3.6,0,15,55.3,74621200,1724,112800
4774,2,33.9,7.3,33.2,7.1,15,63.7,174338400,1067,153800
4209,2.9,41.5,5.9,19.1,10.3,17.5,59.4,105791700,1782,109800
1139,1.97,26.5,17.2,24.6,3.2,24.8,49.9,89511100,911,40400
3807,3.48,34.1,15,39.2,1.9,23.9,50.6,89900000,1373,89300
2157,3.45,45.4,15.1,34.9,6.1,23.7,53.1,48150700,875,127600
3604,2.84,33.6,22.2,40,6.3,24.3,77.1,108274600,892,209800
3947,1.69,22.2,18.6,18.2,19.5,34.7,62.5,105737400,646,265600
4885,2.15,45.1,0,20,33.3,10.2,85.1,137107600,1174,327800
7339,2.06,49.6,0,0,89.4,0.3,84.9,200464300,1755,552700
4883,2.56,37.7,30.5,12.2,12.4,17.5,62.4,163061700,904,270000
3793,3.65,45.6,26.8,43.8,4.7,27,60.7,61968200,888,190100
1958,2.22,39.6,23.8,29.8,0,27.8,44.1,13209600,765,156100
2252,2.17,25.6,34.9,29.7,8.1,27.4,42.4,42568100,793,156800
3639,2.89,42,50.8,32.8,6.5,8.9,66,69870400,978,205100
3419,2.58,44.2,14.4,41.4,14.2,13.5,53,121866800,859,177500
4199,2.66,44.5,12.6,55,9.9,18.6,66.7,54215000,986,239100
4958,2.71,49.1,5.2,15.9,2.4,16.1,70,152104900,947,296700
7500,1.94,38.2,0,0.5,69.7,5.9,84.3,164666500,1460,460700
6898,2.27,30.8,6.5,6.7,35.8,18.9,83.7,114860000,1429,451400
5594,1.91,25.7,12.6,7.9,32.9,19.4,78.5,157302800,948,348800
7150,1.86,38.7,4.4,15.3,52.7,7.7,85.1,191433000,1235,533600
6520,1.98,48.6,1.3,0,67.5,8.5,78,107271300,1386,444300
4819,3.19,34.1,13.4,15.1,33.8,18.3,69.5,128886100,1271,357900
10000,2.11,33.3,0,14.7,20.9,25,60.9,186388800,1111,679400
7273,2.11,37.9,7.3,4.4,59.9,9.9,84.8,355102200,1784,527100
6805,2.29,27.4,2,3.4,28,39.5,66.9,99798200,1512,482800
4906,1.68,44.8,8.3,0,91.7,11.6,80.3,212303800,1800,369000
4682,1.76,42.7,7.4,13.3,43.9,14.1,73.7,492804600,1706,340200
6364,3.15,24.1,1.6,8.5,16.1,39.6,61,73649700,1348,391200
1693,3.33,25.7,18.8,34.8,3.1,46.2,42.6,23413700,734,109900
1791,3.36,17.1,23.6,35.6,0,21.2,44.8,52836100,969,152400
1581,2.27,19.5,11.7,45.6,3,37.8,52,75084500,866,123800
1955,2.15,25.2,3.9,40.7,10.6,18.1,48,137206200,900,157400
3042,2.47,22.9,30.8,44,0.3,25,52,96737200,936,185700
2173,3.47,9.4,27.2,44.1,5.6,45.7,40,17702800,912,165100
1181,3.22,11.6,38.6,22.4,0,46.6,27.8,23883600,960,145200
1490,3.31,19.1,41.2,19.9,0,56.3,30.2,19146000,944,82200
895,2.69,13.7,21.4,17.9,5.1,45.7,31.5,17722600,783,115300
1477,2.5,19.2,49.4,10.9,0,50.7,28.3,22860000,619,87100
1714,3.16,23.3,38.2,26,3.6,40.1,43.4,57433400,831,106400
1763,3.59,40.7,21.5,35.8,4.4,20.9,53,60008200,905,119500
2622,2.9,50.8,32.2,22.4,0,14.9,53,34642700,826,183100
1605,1.99,20.7,23.6,50.6,0,32.8,35.8,20611300,443,110200
929,2.52,24.2,4.4,61,11,43.1,26.9,15165800,796,61100
2882,2.76,26.5,25.7,28.6,3.8,34.5,56,40660600,918,185200
3202,2.42,12.2,19.8,34.4,2.5,47.3,40.9,58131500,764,208100
3214,2.74,16.6,31.6,11.5,0,34.6,48.9,35448100,713,202500
2567,2.78,3.9,0.3,11.8,1.9,19,29.4,10424900,971,183300
3123,2.44,32,0,4.3,21.9,15,62.9,50832700,951,232100
3925,1.82,28.9,13.5,18.3,0,25.9,54.2,101904800,363,212800
2539,2.23,19.6,22.5,30.6,7.2,19.6,57,56236600,899,170000
2603,3.25,19.9,31.1,28.9,1.1,35.7,42.3,27015800,889,222500
2161,2.35,10.7,34.2,45.1,0,55.4,24.9,19251800,670,231500
3313,2.79,13.2,23.4,54.2,3.1,44.1,42.5,36885300,871,183000
2408,2.07,24.5,18.8,56.9,0,26.4,42.8,32811900,746,164300
2644,3.32,17.3,49.8,26.9,0,38.9,37.5,28020300,1075,175000
4639,2.88,13,21.2,37.4,0,39.1,40.6,25398400,953,212500
4174,2.79,23.5,26,41.3,15.7,31.7,53.8,70768200,961,283200
4136,2.49,15.4,25,20.8,23.3,51.2,50,58223600,429,222700
5039,2.53,13.6,2.7,15.6,24.8,37.3,44.3,21843900,925,354700
2789,3.47,12.9,41.2,20.5,1.9,49.6,31.8,54292900,920,147500
1277,2.77,24.2,37.5,35.4,0,42.9,39.4,35118600,416,107500
3479,1.7,39.2,0,10.9,40.3,16.6,76.7,405515800,1714,251200
4270,1.58,23.7,2.5,14.1,24.2,17.6,67.1,268559100,1702,317700
1784,1.8,16.5,8.9,11.1,27.2,22.5,54.8,64864600,964,130500
3559,1.28,26.1,0,12.7,54.1,24.5,39.9,40748800,265,314000
3770,1.67,23.9,15.3,44,8,25.1,42.2,44021500,759,220300
3960,2.64,34.6,18.1,44.9,12.3,31.7,59.9,106545400,895,261100
4750,1.98,37.8,5.1,10.5,39.6,12.4,62.2,72910600,856,342700
3838,1.78,46.3,24.6,6.5,26.8,17.5,59.2,105923600,912,268300
5280,2.26,43.1,0,26.5,38,14.8,57.9,77170200,876,332100
3233,2.55,44.1,17.9,18.2,24,17.3,54.5,37747300,746,245400
3217,2.99,46.3,14.2,11.8,28.9,20.3,57.1,43467700,965,264600
2639,3.33,39.1,19.4,19.4,5.4,24.6,59.7,63258600,954,186300
2960,2.53,39.2,12.7,31.9,18.7,32.9,49.9,54579400,841,203300
2285,3.54,31.5,24.6,30.4,0,46.9,56.1,43127500,752,157600
2323,3.65,36.5,20.5,53.7,3.8,30.8,50.5,31018700,702,118700
3869,2.62,55.7,12.9,36.2,17.4,36,56.2,114080100,783,268300
3074,3.31,33.6,35,28.1,4.7,32,60.4,66752000,804,190800
3317,2.88,33.6,19.3,37.2,7.6,33.4,59.2,66730000,747,188100
2474,3.57,17.9,21,35.5,3.2,49.4,40,14427600,1088,118900
1542,3.32,17.7,38,47.9,0,56,32.3,24333400,866,147200
1641,1.89,29.3,48.6,30.8,0,46,36.6,20724000,523,131900
1471,2.85,14.2,41.8,33.8,0,29.7,40.2,44990700,899,106400
4301,2.13,23.7,0.8,23.2,10.3,19.2,58.2,197130200,1784,323600
4101,2.28,11.1,0.7,18.9,8,18.3,31.6,32015600,1450,263200
2943,2.85,24.8,8.8,37.4,0,36,46.9,95864400,882,167600
4929,1.49,30.1,0,14.2,76.1,16.9,72.5,163431500,1214,351500
6111,2.24,33.9,11.7,8,40.9,15.4,77,220647400,1518,402300
1448,2.59,24.5,38.2,37.8,0,22.8,41.5,65029800,860,119700
3477,3.41,45.4,15.1,36,12.1,24.1,55.5,97063700,963,222400
2824,3.43,50.9,9.2,17.1,6.4,32.1,52.3,86381400,845,181800
1063,1.8,10,14,35.5,11.3,43.3,33.8,36931800,519,184100
2482,3.02,11.9,26.6,45.5,2.5,49.6,34.3,27092100,870,130600
3000,3.69,25.8,24.6,27.7,11.6,27.7,40.6,27785300,1009,191700
2814,3.33,31,23.4,22.3,2.5,28.3,51,37206200,847,226100
3243,3.29,21.9,11.4,29.1,0,46,40.8,16804400,950,133300
1193,3.02,29.1,27.6,39.5,3.5,26.8,42.1,22706900,795,136400
2013,3.68,10.6,74.6,17.9,0.5,42.2,5.6,10497700,723,118200
2934,2.5,21.4,44.8,11.7,0,28.9,41.6,49713300,888,254500
6511,1.9,46.9,0,76.7,4.7,8.8,69.4,135589100,1161,384800
1080,3.73,26.3,54,34.7,0,28.9,41.7,21883700,1073,129400
1971,1.98,19.8,10.2,24.7,18.7,26.3,50.3,84804800,970,145100
